REGION,SGL,ROUTE,STOP,LAT,LONG,VALUE_16,NOISE_16,VALUE_17,NOISE_17,VALUE_18,NOISE_18,VALUE_19,NOISE_19,VALUE_20,NOISE_20
NE,57,BEECH LK,1,41.35349,-76.22199,,,,,,,0,N ,0,L
NE,57,BEECH LK,2,41.35357,-76.22139,,,,,,,0,N,1,M
NE,57,BEECH LK,3,41.35363,-76.22139,,,,,,,0,L,0,L
NE,57,BEECH LK,4,41.35724,-76.22094,,,,,,,0,M,0,M
NE,57,BEECH LK,5,41.36152,-76.22041,,,,,,,1,H,1,L
NE,57,BEECH LK,6,41.36408,-76.22103,,,,,,,0,M,0,L
NE,57,BEECH LK,7,41.36457,-76.22629,,,,,,,0,N,0,L
NE,57,BEECH LK,8,41.36202,-76.22977,,,,,,,0,N,0,L
NE,57,BEECH LK,9,41.36421,-76.23419,,,,,,,0,L,0,L
NE,57,BEECH LK,10,41.36466,-76.23825,,,,,,,0,N,0,L
NE,187,1,1,41.0995,-75.86655,0,L,0,L,0,L,0,L,0,L
NE,187,1,2,41.10303,-75.86885,0,L,0,M,0,L,0,L,2,L
NE,187,1,3,41.10711,-75.87045,2,L,0,L,0,M,0,M,0,L
NE,187,1,4,41.10887,-75.86671,0,L,0,L,0,L,0,L,0,M
NE,187,1,5,41.10939,-75.86044,1,M,0,L,0,H,0,M,0,M
NE,187,1,6,41.11024,-75.85502,3,M,0,H,0,H,0,M,0,M
NE,187,1,7,41.10679,-75.85481,0,N,0,M,1,L,3,L,0,L
NE,187,1,8,41.10455,-75.85465,0,N,0,M,0,L,0,L,0,L
NE,187,1,9,41.11316,-75.8802,0,N,0,L,0,L,0,L,,
NE,187,1,10,41.11893,-75.88081,0,N,0,L,0,L,0,L,,
NE,219,1,1,41.97737,-76.23607,2,N,0,N,0,N,1,L,0,L
NE,219,1,2,41.97955,-76.23129,0,N,0,N,0,N,0,L,0,N
NE,219,1,3,41.98103,-76.22631,0,N,0,N,0,N,1,N,0,N
NE,219,1,4,41.98177,-76.2207,2,L,1,L,1,N,0,M,0,L
NE,219,1,5,41.98067,-76.21581,0,M,0,H,1,L,0,H,1,N
NE,219,1,6,41.97992,-76.20975,0,N,0,N,1,N,1,L,1,L
NE,219,1,7,41.97978,-76.2042,0,N,0,N,1,N,0,L,0,N
NE,219,1,8,41.97958,-76.1984,0,N,0,N,0,N,0,N,0,N
NE,219,1,9,41.98295,-76.19688,0,N,0,N,0,N,0,N,0,N
NE,219,1,10,41.98739,-76.19705,0,N,0,N,0,N,0,L,0,N
NE,236,1,1,41.77418,-75.55397,0,N,0,M,0,N,0,N,0,N
NE,236,1,2,41.77114,-75.54945,0,N,0,L,0,N,0,L,0,N
NE,236,1,3,41.7682,-75.54488,1,N,0,N,0,L,0,L,0,L
NE,236,1,4,41.76575,-75.54004,1,L,1,L,0,H,1,M,0,H
NE,236,1,5,41.76909,-75.53358,1,L,0,L,0,M,0,H,0,H
NE,236,1,6,41.77767,-75.53571,0,N,0,M,0,N,0,L,0,M
NE,236,1,7,41.78142,-75.5359,2,L,0,M,0,M,0,L,0,L
NE,236,1,8,41.77832,-75.52604,0,M,0,M,0,H,0,L,0,H
NE,236,1,9,41.77427,-75.52145,0,M,0,H,0,H,0,M,1,H
NE,236,1,10,41.77069,-75.51717,0,N,0,M,3,M,0,M,0,M
NE,289,1,1,41.77924,-76.63445,0,L,0,L,0,L,0,N,0,N
NE,289,1,2,41.78294,-76.63778,0,L,0,M,0,N,0,N,0,L
NE,289,1,3,41.78651,-76.64116,0,L,0,L,1,N,1,L,0,M
NE,289,1,4,41.78966,-76.64471,3,N,1,L,0,L,3,N,2,N
NE,289,1,5,41.79292,-76.64857,0,N,1,L,1,N,1,N,2,L
NE,289,1,6,41.79463,-76.6534,2,L,0,H,0,M,2,M,0,M
NE,289,1,7,41.79489,-76.65912,1,L,1,M,1,H,1,L,0,H
NE,289,1,8,41.79663,-76.6645,0,L,1,L,1,L,1,M,0,N
NE,289,1,9,41.79697,-76.66623,0,N,0,L,0,N,0,L,0,N
NE,289,1,10,41.79103,-76.67099,0,L,0,H,0,H,0,M,0,L
NE,NESCOPECK SP,1,1,41.067167,-75.922183,1,N,,,,,2,M,1,M
NE,NESCOPECK SP,1,2,41.0699,-75.923367,2,N,2,L,1,M,2,L,1,L
NE,NESCOPECK SP,1,3,41.07425,-75.9169,1,L,1,L,2,L,1,M,1,M
NE,NESCOPECK SP,1,4,41.075567,-75.9119,0,L,0,M,0,H,0,M,0,M
NE,NESCOPECK SP,1,5,41.078767,-75.9041,2,N,1,N ,3,L,1,L,1,L
NE,NESCOPECK SP,1,6,41.082733,-75.898867,2,L,0,L,0,M,0,M,1,M
NE,NESCOPECK SP,1,7,41.086067,-75.892933,0,N,0,N ,0,L,0,L,0,L
NE,NESCOPECK SP,1,8,41.087583,-75.887733,0,N,0,N,0,M,0,L,0,M
NE,NESCOPECK SP,1,9,41.091667,-75.881633,2,N,1,N,0,M,2,L,1,M
NE,NESCOPECK SP,1,10,41.095967,-75.875233,0,N,0,N,0,L,0,M,0,M
NW,39,1,1,41.360522,-79.894853,0,L,0,N ,0,M,0,M,0,L
NW,39,1,2,41.362378,-79.900278,3,L,1,L,3,L,3,M,2,M
NW,39,1,3,41.363438,-79.905331,2,L,1,L,2,L,2,M,3,L
NW,39,1,4,41.364781,-79.911099,1,H,1,M,4,L,1,L,1,L
NW,39,1,5,41.367633,-79.915219,4,M,3,L,3,M,3,L,1,L
NW,39,1,6,41.369992,-79.920637,2,L,1,L,2,M,2,L,1,L
NW,69,1,1,41.63281,-79.89119,0,M,0,M,0,L,0,M,0,L
NW,69,1,2,41.62823,-79.89088,0,L,0,L,0,L,0,L,0,M
NW,69,1,3,41.62141,-79.889012,2,M,1,M,3,L,3,M,3,L
NW,69,1,4,41.61324,-79.89942,0,L,0,M,0,M,0,L,0,M
NW,69,1,5,41.61204,-79.89357,0,L,0,M,0,M,0,H,2,M
NW,69,1,6,41.61198,-79.9004,0,L,0,M,0,M,0,L,0,H
NW,69,1,7,41.61205,-79.90723,0,L,0,L,0,M,0,L,0,L
NW,69,1,8,41.61219,-79.91586,0,L,0,L,0,L,0,L,0,L
NW,69,1,9,41.61783,-79.91652,0,M,0,M,0,L,0,M,0,L
NW,69,1,10,41.62293,-79.91669,0,M,0,M,0,L,0,H,0,H
NW,69,2,1,41.62661,-79.90449,0,M,0,M,0,M,0,M,0,M
NW,69,2,2,41.62686,-79.91055,0,H,0,H,0,M,0,M,0,M
NW,69,2,3,41.62527,-79.91673,0,H,0,H,0,M,0,H,0,H
NW,69,2,4,41.62907,-79.91701,0,H,0,M,0,L,0,M,0,M
NW,69,2,5,41.63597,-79.91723,0,M,0,M,0,L,0,M,0,L
NW,69,2,6,41.63912,-79.91271,0,H,0,H,0,H,0,H,0,H
NW,69,2,7,41.64119,-79.90483,0,L,0,L,0,L,0,L,0,L
NW,69,2,8,41.64315,-79.89763,0,M,0,M,0,L,0,M,0,L
NW,69,3,1,41.65282,-79.93137,3,L,0,L,0,L,3,L,0,L
NW,69,3,2,41.64986,-79.92602,2,L,0,M,0,M,2,H,2,M
NW,69,3,3,41.64549,-79.92593,1,M,0,M,0,M,0,M,1,L
NW,69,3,4,41.63963,-79.92813,0,M,0,M,0,M,0,M,1,M
NW,69,3,5,41.6378,-79.92218,3,L,1,L,0,L,0,L,0,M
NW,69,3,6,41.65383,-79.91803,0,L,0,L,0,L,0,L,0,L
NW,69,3,7,41.66236,-79.91848,0,M,0,M,0,M,0,L,0,M
NW,69,3,8,41.66873,-79.91879,0,M,0,L,0,M,0,M,0,M
NW,69,3,9,41.67456,-79.91912,0,H,0,H,0,M,0,H,0,H
NW,101,1,1,41.83668558,-80.4319339,0,L,1,L,0,L,0,M,0,L
NW,101,1,2,41.83659188,-80.43997499,1,L,1,L,0,L,0,M,0,L
NW,101,1,3,41.83654075,-80.44776781,2,L,2,H,1,L,5,M,2,M
NW,101,1,4,41.83664401,-80.45566742,2,L,2,H,2,L,4,M,2,L
NW,101,1,5,41.82773111,-80.49720956,2,L,4,L,2,L,3,M,2,L
NW,101,1,6,41.83465918,-80.49723077,2,L,2,L,2,L,3,M,1,L
NW,101,1,7,41.83923469,-80.49710864,3,L,2,L,3,M,0,M,2,L
NW,101,1,8,41.84507428,-80.49698249,7,L,3,L,2,M,2,M,1,L
NW,101,2,1,41.84100176,-80.46672064,1,H,6,L,0,L,3,L,1,M
NW,101,2,2,41.84639267,-80.468811,2,L,0,M,0,N ,0,L,0,L
NW,101,2,3,41.85236896,-80.46992647,0,M,0,M,0,M,0,H,0,H
NW,101,2,4,41.85808928,-80.47042058,1,L,3,L,1,N ,2,L,0,L
NW,101,2,5,41.86475742,-80.47087697,0,M,2,L,1,N ,2,L,1,L
NW,101,2,6,41.87005889,-80.47131484,2,L,2,L,0,M,0,L,0,L
NW,101,2,7,41.87459517,-80.47167828,4,L,6,L,2,M,0,H,0,L
NW,130,NORTH 1-2,1,41.34047,-80.00098,2,M,2,L,1,M,4,L,1,L
NW,130,NORTH 1-3,2,41.33736,-80.00309,2,M,0,L,0,L,1,L,1,L
NW,130,NORTH 3-4,3,41.34398,-80.0196,1,H,1,M,2,L,0,L,1,L
NW,130,NORTH 3-5,4,41.33968,-80.01939,3,M,3,M,2,L,2,L,1,M
NW,130,SOUTH,1,41.31769,-80.02455,0,L,0,L,0,M,0,M,0,L
NW,130,SOUTH,2,41.32175,-80.02348,0,L,0,L,2,M,2,M,2,M
NW,130,SOUTH,3,41.32191,-80.01884,0,M,0,L,0,M,0,H,0,M
NW,130,SOUTH,4,41.32195,-80.01276,2,M,0,L,0,L,0,M,0,M
NW,130,SOUTH,5,41.32581,-80.01122,4,L,0,M,0,M,0,M,0,L
NW,130,SOUTH,6,41.32837,-80.01115,3,L,0,L,1,L,0,L,1,L
NW,314,1,1,41.987,-80.4825,2,N,1,L,1,L,0,L,0,L
NW,314,1,2,41.9816,-80.4792,2,N,3,L,2,M,3,L,1,L
NW,314,1,3,41.9776,-80.4758,1,N,3,L,0,L,1,L,2,L
NW,314,1,4,41.9734,-80.4689,1,N,0,L,0,M,0,L,1,L
NW,314,1,5,41.9699,-80.4712,0,N,2,L,0,L,0,M,1,L
NW,314,1,6,41.9687,-80.4784,1,N,1,L,0,M,2,L,1,H
NW,314,1,7,41.9679,-80.4861,2,N,2,L,1,L,0,L,4,L
NW,314,1,8,41.9682,-80.4933,0,H,0,M,0,M,0,M,0,M
NW,314,1,9,41.9747,-80.4933,5,N,6,L,4,L,5,L,3,L
NW,314,1,10,41.9798,-80.4933,3,N,5,L,5,L,3,L,6,L
NW,314,2,1,41.965,-80.4954,0,N,0,L,0,L,2,L,0,L
NW,314,2,2,41.965,-80.5036,0,N,2,L,0,L,0,L,0,L
NW,314,2,3,41.9651,-80.511,2,N,2,L,0,L,1,L,1,L
NW,314,2,4,41.965,-80.519,0,N,1,L,0,L,0,M,1,L
NW,314,2,5,41.9707,-80.5193,0,N,1,L,1,L,0,L,0,L
NW,314,2,6,41.9763,-80.5192,0,H,2,L,1,L,2,L,1,L
NW,314,2,7,41.9788,-80.512,0,N,0,L,1,L,1,L,0,L
NW,314,2,8,41.9813,-80.5051,1,L,0,L,0,L,0,L,0,L
NW,314,2,9,41.9844,-80.4986,0,L,0,L,0,L,0,L,0,L
NW,MK GODDARD** GOOD STOPVER LOC; NOT A BREEDING SITE,DEMO AREA/SHEETS/BILLIG TRACT,1,41.42239,-80.14077,2,L,1,H,1,,0,L,1,M
NW,MK GODDARD** GOOD STOPVER LOC; NOT A BREEDING SITE,DEMO AREA/SHEETS/BILLIG TRACT,2,41.42356,-80.14196,3,N,0,M,2,,0,L,0,L
NW,MK GODDARD** GOOD STOPVER LOC; NOT A BREEDING SITE,DEMO AREA/SHEETS/BILLIG TRACT,3,41.42482,-80.1413,0,H,1,L,0,,0,L,0,L
NW,MK GODDARD** GOOD STOPVER LOC; NOT A BREEDING SITE,OFFICE/BILLING,1,41.42945,-80.14669,3,M,0,L,1,,1,H,2,M
NW,MK GODDARD** GOOD STOPVER LOC; NOT A BREEDING SITE,OFFICE/BILLING,2,41.42934,-80.14912,0,N,0,M,0,,0,M,2,M
NW,MK GODDARD** GOOD STOPVER LOC; NOT A BREEDING SITE,OFFICE/BILLING,3,41.42904,-80.15101,0,N,0,L,0,,0,M,0,L
NW,MK GODDARD** GOOD STOPVER LOC; NOT A BREEDING SITE,OFFICE/BILLING,4,41.42754,-80.15113,0,N,0,L,0,,0,L,0,L
NW,MK GODDARD** GOOD STOPVER LOC; NOT A BREEDING SITE,OFFICE/BILLING,5,41.42764,-80.1494,0,N,0,L,0,,3,L,0,L
NW,MK GODDARD** GOOD STOPVER LOC; NOT A BREEDING SITE,OFFICE/BILLING,6,41.42878,-80.14938,2,N,0,L,0,,0,M,0,L
NW,MK GODDARD** GOOD STOPVER LOC; NOT A BREEDING SITE,OFFICE/BILLING,7,41.42794,-80.14774,1,N,,,0,,0,M,0,L
NW,MK GODDARD** GOOD STOPVER LOC; NOT A BREEDING SITE,BIKE TRAIL/ELDER,1,41.42488,-80.14874,0,M,0,M,0,,0,M,0,L
NW,MK GODDARD** GOOD STOPVER LOC; NOT A BREEDING SITE,BIKE TRAIL/ELDER,2,41.42585,-80.14765,1,L,0,L,0,,0,L,0,L
NW,MK GODDARD** GOOD STOPVER LOC; NOT A BREEDING SITE,BIKE TRAIL/ELDER,3,41.42564,-80.14651,1,L,0,L,0,,0,L,0,L
NW,MK GODDARD** GOOD STOPVER LOC; NOT A BREEDING SITE,BIKE TRAIL/ELDER,4,41.42523,-80.14512,0,L,0,M,0,,0,L,0,L
NW,MK GODDARD** GOOD STOPVER LOC; NOT A BREEDING SITE,BIKE TRAIL/ELDER,5,41.42425,-80.14546,1,L,0,M,0,,0,L,0,L
NW,ERIE  NWR,SUGAR-1,1,41.66456,-79.953234,0,L,0,N ,0,N,3,L,0,M
NW,ERIE  NWR,SUGAR-1,2,41.663176,-79.959539,1,L,0,N ,2,L,2,M,1,L
NW,ERIE  NWR,SUGAR-1,3,41.65971,-79.962669,1,L,0,M,0,M,3,H,0,L
NW,ERIE  NWR,SUGAR-1,4,41.653909,-79.963639,0,H,0,M,0,H,0,H,0,L
NW,ERIE  NWR,SUGAR-1,5,41.648228,-79.964883,0,M,0,M,1,L,1,H,3,L
NW,ERIE  NWR,SUGAR-1,6,41.643092,-79.966766,0,L,0,M,0,H,1,H,4,L
NW,ERIE  NWR,SUGAR-2,1,41.626677,-79.960234,0,M,4,L,1,L,0,M,1,L
NW,ERIE  NWR,SUGAR-2,2,41.631147,-79.959598,3,L,0,L,1,L,0,H,2,L
NW,ERIE  NWR,SUGAR-2,3,41.630013,-79.953638,0,L,0,L,0,L,0,M,2,N
NW,ERIE  NWR,SUGAR-2,4,41.624469,-79.955108,2,L,1,L,1,L,1,N,4,M
NW,ERIE  NWR,SUGAR-2,5,41.619156,-79.956262,1,H,2,M,2,L,1,M,0,H
NW,ERIE  NWR,SUGAR-2,6,41.613917,-79.957654,3,M,0,H,0,H,0,H,0,H
NW,ERIE  NWR,SUGAR-2,7,41.608017,-79.956537,1,H,0,H,0,H,0,H,0,H
NW,ERIE  NWR,SUGAR-2,8,41.602969,-79.954207,1,L,0,M,0,M,0,H,2,M
NW,ERIE  NWR,SUGAR-2,9,41.596653,-79.953925,0,L,0,L,0,L,0,M,0,M
NW,ERIE  NWR,SUGAR-3,1,41.613905,-79.949349,3,N,2,L,2,N,1,L,0,N
NW,ERIE  NWR,SUGAR-3,2,41.614719,-79.957617,3,N,3,L,1,N,3,M,4,N
NW,ERIE  NWR,SUGAR-3,3,41.618127,-79.962016,3,L,3,L,1,M,3,H,0,N
NW,ERIE  NWR,SUGAR-3,4,41.618426,-79.969225,0,M,2,L,2,M,2,H,0,N
NW,ERIE  NWR,SUGAR-3,5,41.615771,-79.967419,0,N,0,N,0,L,1,M,0,N
NW,ERIE  NWR,SUGAR-3,6,41.61069,-79.967308,0,L,0,M,0,L,0,M,0,N
NW,ERIE  NWR,SUGAR-3,7,41.60506,-79.967277,0,N,1,L,0,L,0,L,0,N
NW,ERIE  NWR,SUGAR-3,8,41.599259,-79.967262,1,L,0,L,2,M,0,L,2,N
NW,ERIE  NWR,SUGAR-3,9,41.618456,-79.969512,0,M,2,M,2,M,0,H,0,N
NW,ERIE  NWR,SUGAR-4,1,41.57444,-79.974818,1,M,2,M,1,M,2,M,2,L
NW,ERIE  NWR,SUGAR-4,2,41.580031,-79.977501,3,L,1,M,3,N,2,M,3,L
NW,ERIE  NWR,SUGAR-4,3,41.58514,-79.977792,0,M,0,M,1,M,1,N,1,L
NW,ERIE  NWR,SUGAR-4,4,41.590554,-79.975859,1,M,2,L,2,N,4,N,4,L
NW,ERIE  NWR,SUGAR-4,5,41.596344,-79.975648,2,M,3,L,0,N,2,N,2,L
NW,ERIE  NWR,SUGAR-4,6,41.591633,-79.975602,2,M,0,L,1,N,1,N,1,L
NW,ERIE  NWR,SUGAR-4,7,41.588078,-79.969912,3,L,1,N,1,N,2,N,1,L
NW,ERIE  NWR,SUGAR-5,1,41.567977,-79.986399,0,L,0,M,0,L,1,M,0,L
NW,ERIE  NWR,SUGAR-5,2,41.572827,-79.990953,0,L,2,L,0,L,0,L,0,L
NW,ERIE  NWR,SUGAR-5,3,41.577957,-79.992552,3,L,3,M,4,L,3,L,1,L
NW,ERIE  NWR,SUGAR-5,4,41.583641,-79.992608,3,N,1,M,1,L,1,L,1,L
NW,ERIE  NWR,SUGAR-5,5,41.590248,-79.993129,0,N,0,M,0,L,1,M,0,L
NW,ERIE  NWR,SUGAR-5,6,41.59604,-79.993267,1,N,0,M,0,L,0,H,0,L
NW,ERIE  NWR,SUGAR-5,7,41.598127,-79.987775,0,M,0,M,0,L,2,M,1,L
NW,ERIE  NWR,SENECA-1,1,41.77223,-79.973347,2,L,3,N,5,L,2,L,1,L
NW,ERIE  NWR,SENECA-1,2,41.77772,-79.970877,1,H,0,H,0,M,0,M,0,M
NW,ERIE  NWR,SENECA-1,3,41.783249,-79.969706,0,M,0,M,1,N ,0,L,0,M
NW,ERIE  NWR,SENECA-1,4,41.788522,-79.968177,2,M,2,L,2,N ,1,L,2,M
NW,ERIE  NWR,SENECA-1,5,41.792679,-79.962719,0,L,2,N,1,M,1,M,1,M
NW,ERIE  NWR,SENECA-2,1,41.794526,-80.023337,1,H,1,M,0,H,1,H,0,L
NW,ERIE  NWR,SENECA-2,2,41.797861,-80.01633,1,N,0,M,0,M,0,M,0,N
NW,ERIE  NWR,SENECA-2,3,41.799793,-80.009439,0,N,0,H,0,N,0,H,0,M
NW,ERIE  NWR,SENECA-2,4,41.799968,-80.000613,2,M,0,M,1,H,0,H,0,L
NW,ERIE  NWR,SENECA-2,5,41.799246,-79.994245,0,N,0,L,0,M,0,H,0,H
NW,ERIE  NWR,SENECA-2,6,41.801541,-79.987818,0,N,0,H,0,H,0,H,0,M
NW,ERIE  NWR,SENECA-2,7,41.802777,-79.979926,0,N,0,M,0,N,0,H,0,L
NW,ERIE  NWR,SENECA-3,1,41.790439,-79.957977,0,L,1,M,2,M,0,L,1,L
NW,ERIE  NWR,SENECA-3,2,41.785749,-79.953335,2,M,0,L,4,M,0,M,1,L
NW,ERIE  NWR,SENECA-3,3,41.781849,-79.947454,2,L,2,M,3,M,1,L,4,L
NW,ERIE  NWR,SENECA-3,4,41.777107,-79.942971,4,M,2,M,5,M,2,M,3,L
NW,ERIE  NWR,SENECA-3,5,41.772266,-79.939646,0,L,0,M,0,M,0,M,0,M
NW,ERIE  NWR,SENECA-3,6,41.767134,-79.934954,0,L,0,M,0,M,1,M,2,H
NW,ERIE  NWR,SENECA-3,7,41.761791,-79.931819,3,L,0,M,0,M,0,H,0,H
NW,ERIE  NWR,SENECA-3,8,41.758751,-79.936212,1,L,0,M,1,M,1,L,0,H
NW,ERIE  NWR,SENECA-3,9,41.754149,-79.93814,1,M,0,L,0,M,2,M,0,H
NW,CHRISTMAN,1,1,41.91127,-79.38311,2,N,,,0,N,2,N,,
NW,CHRISTMAN,1,2,41.91364,-79.38308,0,N,,,2,L,1,M,,
NW,CHRISTMAN,1,3,41.9127,-79.38093,0,N,,,0,N,0,M,,
NW,CHRISTMAN,1,4,41.91076,-79.37266,1,N,,,0,N,0,N,,
NW,CHRISTMAN,1,5,41.91042,-79.36917,1,N,,,1,N,1,N,,
NW,BUTCHER PLAP,1,1,41.59042,-79.72802,,,1,L,0,L,2,M,0,L
NW,BUTCHER PLAP,1,2,41.59032,-79.72102,,,0,L,3,L,1,M,1,L
NW,GROSS PLAP,1,1,41.72083,-79.73247,,,0,N,0,L,0,L,0,L
NW,GROSS PLAP,1,2,41.72446,-79.73557,,,0,L,0,M,0,L,0,L
NW,GROSS PLAP,1,3,41.72697,-79.73104,,,0,N,0,L,0,L,0,M
SC,420,420 North,1,40.39634,-78.13247,0,L,,,1,H,1,L,1,M
SC,420,420 North,2,40.40002,-78.12932,1,L,,,2,L,1,M,0,L
SC,420,420 North,3,40.4034,-78.13223,0,M,,,0,H,1,N,0,L
SC,420,420 North,4,40.4038,-78.126973,0,N,,,1,L,1,L,2,N
SC,48,Milligan's Cove,1,39.92522,-78.63022,3,M,3,M,1,L,0,L,2,M
SC,48,Milligan's Cove,2,39.92107,-78.63193,3,M,4,L,2,L,1,L,2,M
SC,48,Milligan's Cove,3,39.91777,-78.63546,1,L,1,L,1,M,1,N,1,M
SC,48,Milligan's Cove,4,39.91352,-78.63666,1,L,1,H,2,H,1,H,1,L
SC,48,Milligan's Cove,5,39.90986,-78.6395,1,M,1,L,0,L,1,N,1,L
SC,48,Milligan's Cove,6,39.90578,-78.64136,1,N,1,N,1,M,1,H,1,L
SC,48,Milligan's Cove,7,39.90169,-78.64353,0,M,0,N,0,M,0,L,0,L
SC,48,Milligan's Cove,8,39.90169,-78.64353,1,L,2,M/L,0,H,1,H,0,M
SC,48,Milligan's Cove,9,39.89424,-78.64933,1,L,1,M/H,0,H,1,H,2,L
SC,48,Milligan's Cove,10,39.89048,-78.65239,1,M,3,M,1,M,1,M,1,M
SC,242,SGL 242,1,40.09373,-76.93903,0,L,0,M,0,L,,,,
SC,242,SGL 242,2,40.09392,-76.94366,0,H,0,L/M,0,L,,,,
SC,242,SGL 242,3,40.09142,-76.94527,1,L,0,M,0,M,,,,
SC,242,SGL 242,4,40.08852,-76.94199,0,M,0,M,0,H,,,,
SC,242,SGL 242,5,40.08596,-76.94223,0,H,0,H,0,H,,,,
SC,249,SGL 249,1,39.943167,-77.175433,0,L,0,M,0,L,0,L,0,H
SC,249,SGL 249,2,39.938383,-77.1755,1,L,1,L,1,L,2,L,0,L
SC,249,SGL 249,3,39.934467,-77.173467,0,H,1,M,0,M,0,M,0,M
SC,249,SGL 249,4,39.933783,-77.168717,0,M,0,L,0,L,0,L,0,L
SC,249,SGL 249,5,39.936983,-77.165117,0,H,0,M,0,L,0,H,0,M
SC,249,SGL 249,6,39.940833,-77.167683,1,M,0,L,0,L,1,M,3,L
SC,249,SGL 249,7,39.944317,-77.170967,0,M,0,L,0,L,0,L,1,L
SC,251,Block's Hollow,1,40.27332,-77.77445,0,L,0,L,,,,,,
SC,251,Block's Hollow,2,40.26958,-77.77723,0,L,0,L,,,,,,
SC,251,Block's Hollow,3,40.26599,-77.78053,0,L,0,L,,,,,,
SC,251,Block's Hollow,4,40.26232,-77.78382,0,L,0,M,,,,,,
SC,251,Block's Hollow,5,40.25873,-77.78692,0,M,0,M,,,,,,
SC,251,Block's Hollow,6,40.25506,-77.7902,0,L,0,L,,,,,,
SC,251,Block's Hollow,7,40.25163,-77.79366,0,M,0,M,,,,,,
SC,251,Block's Hollow,8,40.24809,-77.797,0,L,0,L,,,,,,
SC,251,Block's Hollow,9,40.24437,-77.80024,0,L,0,L,,,,,,
SC,251,Block's Hollow,10,40.2406,-77.80297,0,L,0,L,,,,,,
SC,251.5,Block's Hollow Rerouted,1,40.24934,-77.795794,,,,,0,M,0,M,0,M
SC,251.5,Block's Hollow Rerouted,2,40.246594,-77.798438,,,,,0,M,0,M,3,M
SC,251.5,Block's Hollow Rerouted,3,40.243871,-77.800613,,,,,0,M,0,L,0,L
SC,251.5,Block's Hollow Rerouted,4,40.240441,-77.803134,,,,,0,M,0,L,0,M
SC,251.5,Block's Hollow Rerouted,5,40.22949,-77.812964,,,,,0,M,0,L,0,L
SC,251.5,Block's Hollow Rerouted,6,40.223372,-77.816661,,,,,0,L,1,L,2,L
SC,251.5,Block's Hollow Rerouted,7,40.219176,-77.819951,,,,,1,M,0,M,1,L
SC,251.5,Block's Hollow Rerouted,8,40.214564,-77.823738,,,,,1,M,0,M,1,L
SC,PSU SVEF,Masseyburg,1,40.66043,-77.92635,2,L,2,L,0,L,1,L,1,L
SC,PSU SVEF,Masseyburg,2,40.66198,-77.92439,1,L,1,L,0,L,2,L,2,L
SC,PSU SVEF,Masseyburg,3,40.66349,-77.925,2,L,2,L,0,M,2,L,1,L
SC,PSU SVEF,Masseyburg,4,40.6648,-77.92428,2,L,1,L,0,H,1,M,1,L
SC,PSU SVEF,Muthersbaugh,1,40.65805,-77.89392,3,L,3,L,0,H,1,M,2,L
SC,PSU SVEF,Muthersbaugh,2,40.65998,-77.89196,2,L,1,L,0,H,1,L,1,L
SC,PSU SVEF,Muthersbaugh,3,40.65877,-77.89099,1,M,1,M,0,L,2,L,2,L
SC,PSU SVEF,Muthersbaugh,4,40.65259,-77.89615,3,L,2,L,1,L,1,M,1,M
SC,PSU SVEF,Muthersbaugh,5,40.65371,-77.89417,1,L,1,L,0,M,2,M,1,M
SC,PSU SVEF,Muthersbaugh,6,40.65461,-77.89266,2,L,2,L,0,L,1,L,1,M
SC,PSU SVEF,Red Rose,1,40.67217,-77.90056,2,L,2,L,0,L,2,L,1,L
SC,PSU SVEF,Red Rose,2,40.6735,-77.89829,1,L,1,L,0,L,2,L,1,L
SC,PSU SVEF,Red Rose,3,40.67499,-77.89905,2,N,2,N,0,L,1,M,1,L
SC,PSU SVEF,Red Rose,4,40.67634,-77.89591,2,N,2,N,2,L,2,M,2,L
SC,PSU SVEF,Red Rose,5,40.67742,-77.89258,2,N,2,N,3,L,2,L,2,L
SC,PSU SVEF,Woodcock trail,1,40.67802,-77.90608,1,L,1,N,1,L,1,L,1,M
SC,PSU SVEF,Woodcock trail,2,40.6805,-77.90689,0,L,2,L,1,L,2,L,1,L
SC,PSU SVEF,Woodcock trail,3,40.680862,-77.9053,1,L,1,L,0,L,1,L,0,L
SC,PSU SVEF,Woodcock trail,4,40.68246,-77.90424,1,L,0,L,0,L,1,L,0,L
SC,PSU SVEF,Woodcock trail,5,40.6769,-77.9048,0,L,1,L,0,L,0,L,0,L
SC,420,420 South,1,40.36192,-78.17761,2,L,1,M-H,0,L,1,M,1,L
SC,420,420 South,2,40.36537,-78.17443,2,M,0,H,0,L,0,H,0,M
SC,420,420 South,3,40.36888,-78.17105,1,M,2,L-M,0,L,1,M,0,L
SC,420,420 South,4,40.37246,-78.16765,2,N,3,L,1,N,2,L,1,N
SC,420,420 South,5,40.37598,-78.16772,1,N,3,L,0,L,1,L-M,0,L
SC,420,420 South,6,40.37906,-78.16683,0,L,0,L,0,M,0,M,0,M
SC,420,420 South,7,40.37608,-78.16287,0,L,0,M,0,N,0,M,0,L
SC,420,420 South,8,40.38231,-78.14992,0,L,1,L,1,N,1,L,0,L
SC,420,420 South,9,40.37988,-78.15405,0,L,0,M-H,0,N,0,L,0,L
SC,420,420 South,10,40.37748,-78.1586,0,N,0,L-M,0,N,0,N,0,N
SC,PSU SVEF,Grouseless Bottom,1,40.645405,-77.931299,0,M,1,L,1,L,0,N,0,N
SC,PSU SVEF,Grouseless Bottom,2,40.64636,-77.92698,0,L,0,L,0,N,0,N,0,N
SC,PSU SVEF,Grouseless Bottom,3,40.649332,-77.92473,0,L,0,L-M,0,L,0,L,0,L
SC,PSU SVEF,HUTCH HILL,1,40.647252,-77.933158,0,L,0,N-L,0,H,0,L,0,L
SC,PSU SVEF,HUTCH HILL,2,40.64848,-77.93169,0,L,0,L,0,M,0,N,0,N
SC,PSU SVEF,HUTCH HILL,3,40.65012,-77.930155,0,L,0,L,0,L,0,L,0,L
SC,PSU SVEF,HUTCH HILL,4,40.655607,-77.926639,,,,,,,0,M,0,M
SC,PSU SVEF,Manor Hill,1,40.615498,-77.909188,1,L,0,L,1,L,0,M,0,M
SC,166,BEAVER DAMS,1,40.55735,-78.21355,,,,,1,L,1,L,,
SC,166,BEAVER DAMS,2,40.55333,-78.21577,,,,,2,N,1,N,,
SC,166,BEAVER DAMS,3,40.55138,-78.22032,,,,,1,M,1,N,,
SC,166,BEAVER DAMS,4,40.55077,-78.22574,,,,,0,L,1,N,,
SC,166,BEAVER DAMS,5,40.54846,-78.23028,,,,,0,M,1,L,,
SC,166,BEAVER DAMS,6,40.54553,-78.23485,,,,,0,L,0,L,,
SC,166,BEAVER DAMS,7,40.54242,-78.23888,,,,,0,L,0,M,,
SC,166,BEAVER DAMS,8,40.53904,-78.24232,,,,,0,L,0,L,,
SC,166,BEAVER DAMS,9,40.5354,-78.24546,,,,,0,L,0,L,,
SC,166,BEAVER DAMS,10,40.53152,-78.24776,,,,,0,L,0,L,,
SC,107,PAINTERSVILLE,1,40.643172,-77.464207,,,,,,,1,L,1,L
SC,107,PAINTERSVILLE,2,40.644987,-77.463924,,,,,,,0,M,1,L
SC,107,PAINTERSVILLE,3,40.645739,-77.460245,,,,,,,1,M,1,L
SC,107,PAINTERSVILLE,4,40.647329,-77.457268,,,,,,,0,L,0,L
NC,176,CONTROL,1,40.7804,-77.97831,,,0,L,0,N ,,,1,L
NC,176,CONTROL,2,40.77638,-77.98106,,,0,N,0,L,,,0,L
NC,176,CONTROL,3,40.77232,-77.97977,,,0,N,0,L,,,0,L
NC,176,CONTROL,4,40.76989,-77.97519,,,0,N,0,N,,,1,L
NC,176,CONTROL,5,40.76693,-77.9709,,,1,N,1,L,,,0,L
NC,176,CONTROL,6,40.76233,-77.97283,,,1,N,1,N,,,0,L
NC,176,CONTROL,7,40.75809,-77.97479,,,0,L,1,L,,,0,L
NC,176,CONTROL,8,40.75554,-77.97155,,,0,M,0,L,,,0,M
NC,176,CONTROL,9,40.75568,-77.96632,,,0,N,0,L,,,0,L
NC,176,CONTROL,10,40.75254,-77.96186,,,0,L,0,N,,,0,M
NC,176,BURN,1,40.79033,-77.92937,,,0,L,0,L,,,0,N
NC,176,BURN,2,40.79237,-77.93391,,,0,N,0,L,,,0,M
NC,176,BURN,3,40.79008,-77.93845,,,0,N,0,L,,,0,N
NC,176,BURN,4,40.78859,-77.94324,,,0,N,0,L,,,0,N
NC,176,BURN,5,40.78656,-77.9482,,,0,M,2,L,,,1,N
NC,176,BURN,6,40.78777,-77.9515,,,0,L,1,L,,,2,N
NC,176,BURN,7,40.79156,-77.94943,,,0,N,0,L,,,1,N
NC,176,BURN,8,40.79483,-77.94914,,,0,N,0,L,,,1,N
NC,176,BURN,9,40.7964,-77.95429,,,0,N,0,M,,,0,N
NC,176,BURN,10,40.79548,-77.95856,,,0,N,0,L,,,0,N
NC,176,TRT,1,40.78474,-77.97246,,,0,L,0,NA,,,0,M
NC,176,TRT,2,40.78535,-77.9669,,,0,M,0,NA,,,0,N
NC,176,TRT,3,40.78329,-77.96201,,,0,N,0,NA,,,0,N
NC,176,TRT,4,40.78201,-77.95695,,,2,N,2,NA,,,1,N
NC,176,TRT,5,40.78058,-77.95195,,,4,N,3,NA,,,5,N
NC,176,TRT,6,40.77729,-77.94804,,,1,L,0,NA,,,1,L
NC,176,TRT,7,40.77368,-77.94769,,,0,L,0,NA,,,0,M
NC,176,TRT,8,40.77095,-77.95115,,,0,L,0,NA,,,0,N
NC,176,TRT,9,40.767,-77.95183,,,0,L,0,NA,,,0,N
NC,176,TRT,10,40.76709,-77.95619,,,0,N,0,NA,,,0,N
NC,CLERMONT,01 SHAUMUT,1,41.604262,-78.462727,0,,0,M,0,H,0,H,0,L
NC,CLERMONT,01 SHAUMUT,2,41.6105,-78.454247,0,,2,L,2,M,1,L,0,M
NC,CLERMONT,01 SHAUMUT,3,41.610999,-78.460353,0,,0,M,1,H,0,M,2,L
NC,CLERMONT,01 SHAUMUT,4,41.614019,-78.464881,1,,2,M,0,L,0,M,0,H
NC,CLERMONT,01 SHAUMUT,5,41.61655,-78.469363,0,,0,M,0,M,2,L,0,L
NC,CLERMONT,01 SHAUMUT,6,41.618446,-78.475147,0,,0,L,0,H,0,L,1,L
NC,CLERMONT,01 SHAUMUT,7,41.617942,-78.465076,0,,0,L,1,L,0,L,0,L
NC,CLERMONT,01 SHAUMUT,8,41.625694,-78.458526,0,,0,H,0,L,0,L,0,L
NC,CLERMONT,01 SHAUMUT,9,41.630684,-78.462723,0,,0,L,0,M,0,M,0,L
NC,CLERMONT,01 SHAUMUT,10,41.639239,-78.468698,0,,0,L,0,L,0,L,0,L
NC,CLERMONT,02 NESBITT/LASHER,1,41.68125,-78.415015,1,N,0,N,0,N,,,0,N
NC,CLERMONT,02 NESBITT/LASHER,2,41.681046,-78.420402,1,N,0,N,0,N,,,0,N
NC,CLERMONT,02 NESBITT/LASHER,3,41.681073,-78.425601,1,N,0,N,0,N,,,0,N
NC,CLERMONT,02 NESBITT/LASHER,4,41.68014,-78.42842,1,N,0,N,0,N,,,0,N
NC,CLERMONT,02 NESBITT/LASHER,5,41.677733,-78.432181,1,N,0,N,0,N,,,0,N
NC,CLERMONT,02 NESBITT/LASHER,6,41.675462,-78.435282,0,N,1,N,1,N,,,0,N
NC,CLERMONT,02 NESBITT/LASHER,7,41.676332,-78.438608,0,N,0,N,0,N,,,0,N
NC,CLERMONT,02 NESBITT/LASHER,8,41.674243,-78.445477,1,N,0,N,1,N,,,0,N
NC,CLERMONT,02 NESBITT/LASHER,9,41.671108,-78.452687,0,N,0,N,0,N,,,0,N
NC,CLERMONT,02 NESBITT/LASHER,10,41.665162,-78.452458,0,N,0,N,0,N,,,0,N
NC,CLERMONT,03 GUMBOOT; RT 146,1,41.65159,-78.51746,0,M,0,L,0,M,0,N,0,L
NC,CLERMONT,03 GUMBOOT; RT 146,2,41.655286,-78.511527,2,L,2,M,0,L,2,L,2,L
NC,CLERMONT,03 GUMBOOT; RT 146,3,41.65796,-78.509943,0,L,0,L,0,N,1,L,0,H
NC,CLERMONT,03 GUMBOOT; RT 146,4,41.661983,-78.504557,0,N,1,L,1,N,0,N,0,L
NC,CLERMONT,03 GUMBOOT; RT 146,5,41.667356,-78.49913,0,M,0,H,0,M,0,L,0,M
NC,CLERMONT,03 GUMBOOT; RT 146,6,41.673024,-78.495252,0,H,0,L,0,L,0,L,0,H
NC,CLERMONT,03 GUMBOOT; RT 146,7,41.676096,-78.493779,0,M,0,L,2,L,0,M,0,H
NC,CLERMONT,03 GUMBOOT; RT 146,8,41.680013,-78.497339,0,M,0,M,0,M,0,M,0,M
NC,CLERMONT,03 GUMBOOT; RT 146,9,41.684214,-78.494313,0,H,0,H,0,M,0,M,0,H
NC,CLERMONT,03 GUMBOOT; RT 146,10,41.686396,-78.49323,,,0,L,0,M,0,M,0,M
NC,CLERMONT,04 WEST,1,41.685372,-78.502132,0,M,0,,0,L,1,N,0,N
NC,CLERMONT,04 WEST,2,41.682519,-78.510092,0,H,1,,0,L,0,N,2,N
NC,CLERMONT,04 WEST,3,41.680632,-78.519621,0,L,1,,0,L,0,N,0,N
NC,CLERMONT,04 WEST,4,41.679248,-78.527719,1,L,0,,0,L,1,N,0,N
NC,CLERMONT,04 WEST,5,41.682956,-78.531573,1,L,0,,0,L,2,N,1,N
NC,CLERMONT,04 WEST,6,41.681294,-78.53962,0,H,2,,2,M,1,N,0,M
NC,CLERMONT,04 WEST,7,41.678775,-78.54593,0,L,0,,0,L,1,N,1,L
NC,CLERMONT,04 WEST,8,41.67621,-78.553797,0,N,0,,0,L,0,N,0,N
NC,CLERMONT,04 WEST,9,41.673389,-78.560675,0,N,0,,2,L,0,N,0,N
NC,CLERMONT,04 WEST,10,41.675379,-78.567047,0,L,1,,0,M,0,N,0,L
NC,CLERMONT,05 EAST,1,41.695724,-78.479984,0,N,1,N,0,L,0,L,1,L
NC,CLERMONT,05 EAST,2,41.700007,-78.478513,0,N,0,L,0,L,0,L,1,L
NC,CLERMONT,05 EAST,3,41.705006,-78.472087,0,L,0,L,0,L,0,L,0,M
NC,CLERMONT,05 EAST,4,41.706826,-78.466313,1,N,2,N,0,L,1,N,0,L
NC,CLERMONT,05 EAST,5,41.709059,-78.463885,1,L,0,N,1,L,0,N,1,L
NC,CLERMONT,05 EAST,6,41.711724,-78.456364,2,N,1,L,1,L,1,L,1,L
NC,CLERMONT,05 EAST,7,41.712361,-78.44858,0,N,1,N,0,L,0,N,0,L
NC,CLERMONT,05 EAST,8,41.712692,-78.439408,1,N,0,M,1,L,0,M,0,L
NC,CLERMONT,05 EAST,9,41.712415,-78.432121,0,N,0,L,0,L,0,L,0,M
NC,CLERMONT,05 EAST,10,41.712645,-78.426459,0,N,0,N,0,N,0,L,0,N
NC,CLERMONT,06 HAGAMANS FARM,1,41.698022,-78.437105,0,N,,,0,N,0,N,0,N
NC,CLERMONT,06 HAGAMANS FARM,2,41.690169,-78.439291,0,N,,,0,N,0,N,0,N
NC,CLERMONT,06 HAGAMANS FARM,3,41.693101,-78.443745,0,N,0,N,0,N,0,N,0,N
NC,CLERMONT,06 HAGAMANS FARM,4,41.693786,-78.447712,2,L,1,N,3,N,1,N,0,L
NC,CLERMONT,06 HAGAMANS FARM,5,41.693806,-78.455413,0,H,1,M,0,H,1,H,1,M
NC,CLERMONT,06 HAGAMANS FARM,6,41.693662,-78.461796,0,L,0,L,0,M,1,L,0,L
NC,CLERMONT,06 HAGAMANS FARM,7,41.693705,-78.468358,0,L,0,L,0,L,0,L,0,N
NC,CLERMONT,06 HAGAMANS FARM,8,41.693507,-78.473912,0,N,0,H,0,M,1,L,0,L
NC,CLERMONT,06 HAGAMANS FARM,9,41.696587,-78.471181,0,L,0,L,0,M,1,L,0,M
NC,CLERMONT,06 HAGAMANS FARM,10,41.699092,-78.469951,0,L,0,M,0,M,0,L,1,L
NC,MUDDY CRK,RTE-1,1,40.81211,-77.60497,1,,1,M,0,M,1,H,,H
NC,MUDDY CRK,RTE-1,2,40.81425,-77.59944,2,,2,L,3,M,1,L,2,L
NC,MUDDY CRK,RTE-1,3,40.81615,-77.59449,1,,0,L,1,L,2,M,0,L
NC,MUDDY CRK,RTE-1,4,40.81772,-77.58908,0,,0,L,1,H,1,M,0,M
NC,MUDDY CRK,RTE-1,5,40.81902,-77.58353,0,,0,L,1,L,0,L,0,L
NC,MUDDY CRK,RTE-1,6,40.82028,-77.57776,0,,0,L,0,L,0,L,0,M
NC,MUDDY CRK,RTE-1,7,40.82146,-77.57301,0,,1,H,0,L,0,L,0,M
NC,MUDDY CRK,RTE 2,1,40.82718,-77.57794,2,L,1,M,2,L,1,L,0,L
NC,MUDDY CRK,RTE 2,2,40.82896,-77.57262,3,M,3,L,3,M,3,M,2,M
NC,MUDDY CRK,RTE 2,3,40.82891,-77.56866,2,H,2,L,1,H,1,H,1,H
NC,MUDDY CRK,RTE 2,4,40.8299,-77.56453,1,H,1,L,0,H,1,H,0,H
NC,MUDDY CRK,RTE 3,1,40.83104,-77.56138,2,L,1,L,2,L,1,L,1,L
NC,MUDDY CRK,RTE 3,2,40.83377,-77.55211,1,L,1,L,1,L,0,L,1,L
NC,BALD EAGLE ,RT1-GRNS RUN,1,40.98918901,-77.70564697,0,H,1,L,0,,1,,2,
NC,BALD EAGLE ,RT1-GRNS RUN,2,40.99384599,-77.70078898,5,M,4,L,3,,1,,1,
NC,BALD EAGLE ,RT1-GRNS RUN,3,40.997932,-77.69506599,4,M,4,L,3,,3,,2,
NC,BALD EAGLE ,RT1-GRNS RUN,4,41.00139398,-77.68913303,4,M,3,L,4,,4,,5,
NC,BALD EAGLE ,RT1-GRNS RUN,5,41.00602699,-77.681161,3,L,1,L,1,,2,,2,
NC,BALD EAGLE ,RT1-GRNS RUN,6,41.00968,-77.67502402,2,L,0,L,0,,1,,0,
NC,BALD EAGLE ,MAIN PARK,1,41.041635,-77.63246097,3,M,3,L,0,,1,,1,
NC,BALD EAGLE ,MAIN PARK,2,41.04175402,-77.62619197,0,L,0,L,0,,0,,0,
NC,BALD EAGLE ,MAIN PARK,3,41.03741798,-77.63096496,2,L,1,L,1,,0,,0,
NC,BALD EAGLE ,MAIN PARK,4,41.03260903,-77.63535398,1,L,1,L,1,,2,,1,
NC,BALD EAGLE ,MAIN PARK,5,41.02804198,-77.63984802,4,L,3,L,0,,2,,2,
NC,BALD EAGLE ,MAIN PARK,6,41.03052202,-77.65347096,3,L,4,M,3,,6,,3,
NC,BALD EAGLE ,MAIN PARK,7,41.03497096,-77.64864902,3,L,7,M,5,,0,,5,
NC,BALD EAGLE ,MAIN PARK,8,41.03929603,-77.64499099,0,H,5,M,2,,,,1,
NC,BALD EAGLE ,MT EAGLE,1,40.99910002,-77.68211796,2,M,,,1,,2,,2,
NC,BALD EAGLE ,MT EAGLE,2,40.994738,-77.68726797,1,L,,,0,,0,,,
NC,BALD EAGLE ,MT EAGLE,3,40.99015804,-77.69332901,0,L,,,0,,0,,,
NC,BALD EAGLE ,MT EAGLE,4,40.98577699,-77.69875604,0,L,,,0,,0,,0,
NC,BALD EAGLE ,MT EAGLE,5,40.97818399,-77.71046799,,,,,,,0,,,
NC,BALD EAGLE ,MT EAGLE,6,40.96809704,-77.73723903,,,,,0,,0,,0,
NC,BZDIL,RTE A,1,40.9089,-77.3344,,,,,0,,1,,0,N
NC,BZDIL,RTE A,2,40.9085,-77.339,,,,,1,,1,,2,L
NC,BZDIL,RTE A,3,40.9067,-77.3468,,,,,2,,2,,3,M
NC,BZDIL,RTE A,4,40.9054,-77.3508,,,,,2,,3,,0,L
NC,BZDIL,RTE A,5,40.9049,-77.356,,,,,1,,2,,1,M
NC,BZDIL,RTE A,6,40.9022,-77.3589,,,,,0,,1,,1,L
NC,BZDIL,RTE B,1,40.90641,-77.35814,,,,,,,,,0,M
NC,BZDIL,RTE B,2,40.90933,-77.35593,,,,,,,,,1,M
NC,BZDIL,RTE B,3,40.91064,-77.3511,,,,,,,,,0,M
NC,BZDIL,RTE B,4,40.91514,-77.35056,,,,,,,,,0,L
NC,BZDIL,RTE B,5,40.91951,-77.35153,,,,,,,,,3,N
NC,BZDIL,RTE B,6,40.92094,-77.35275,,,,,,,,,0,N
NC,BZDIL,RTE B,7,40.92106,-77.35966,,,,,,,,,0,N
NC,BZDIL,RTE B,8,40.91925,-77.3634,,,,,,,,,0,N
NC,BZDIL,RTE B,9,40.91539,-77.36245,,,,,,,,,0,M
SUSQ SF,JONES RUN/GASWELL,"1,3-5,15",1,41.67222091,-78.11768934,,,0,L,0,L,0,N,0,N
SUSQ SF,JONES RUN/GASWELL,"1,3-5,15",3,41.6677908,-78.11280181,0,N,1,L,1,N,0,N,1,N
SUSQ SF,JONES RUN/GASWELL,"1,3-5,15",4,41.66452321,-78.10946937,1,N,1,L,0,L,1,L,1,L
SUSQ SF,JONES RUN/GASWELL,"1,3-5,15",5,41.663531,-78.10355344,0,L,0,L,0,L,0,M,0,L
SUSQ SF,JONES RUN/GASWELL,"1,3-5,15",15,41.6753378,-78.10460725,2,N,0,N,0,L,0,N,0,N
SUSQ SF,JONES RUN/GASWELL,"2, 6-8",2,41.67189353,-78.11236523,1,L,0,L,2,L,0,M,0, N
SUSQ SF,JONES RUN/GASWELL,"2, 6-8",6,41.67195384,-78.10718969,2,L,2,N,2,L,2,M,2,N
SUSQ SF,JONES RUN/GASWELL,"2, 6-8",7,41.66957392,-78.10289756,0,L,0,N,0,N,0,N,0,N
SUSQ SF,JONES RUN/GASWELL,"2, 6-8",8,41.66791589,-78.0969803,0,L,0,N,0,M,0,L,,
SUSQ SF,JONES RUN/GASWELL,15-Sep,9,41.68037636,-78.11127054,0,N,0,L,0,L,0,N ,0,N
SUSQ SF,JONES RUN/GASWELL,15-Sep,10,41.67960567,-78.10542747,1,N,1,N,1,L,0,N ,1,N
SUSQ SF,JONES RUN/GASWELL,15-Sep,11,41.67833507,-78.10039717,1,N,1,N,1,L,0,L,1,N
SUSQ SF,JONES RUN/GASWELL,15-Sep,12,41.679005,-78.09477831,0,N,0,L,0,L,0,N,0,N
SUSQ SF,JONES RUN/GASWELL,15-Sep,13,41.67428954,-78.09883823,0,L,0,N,0,L,0,N,0,N
SUSQ SF,JONES RUN/GASWELL,15-Sep,14,41.67179851,-78.09447216,0,L,0,N,0,L,0,N,0,N
SUSQ SF,GREENLICK,,1,41.49980981,-77.73002703,,,1,L,0,L,0,M,,
SUSQ SF,GREENLICK,,2,41.49972389,-77.72400968,,,0,L,0,L,0,L,,
SUSQ SF,GREENLICK,,3,41.4959934,-77.72555354,,,1,L,1,H,0,L,,
SUSQ SF,GREENLICK,,4,41.49147252,-77.72690949,,,0,L,0,M,1,M,,
SUSQ SF,GREENLICK,,5,41.49241913,-77.73254057,,,0,M,1,M,0,M,,
SUSQ SF,GREENLICK,,6,41.4927912,-77.7382696,,,0,M,1,H,0,H,,
SUSQ SF,GREENLICK,,7,41.48986454,-77.74620813,,,3,M,0,L,1,L,,
SUSQ SF,GREENLICK,,8,41.48811031,-77.73246257,,,0,L,0,H,0,H,,
SUSQ SF,GREENLICK,,9,41.48608205,-77.72492636,,,0,L,2,M,1,M,,
SUSQ SF,GREENLICK,,10,41.48429865,-77.72999514,,,0,N,1,L,0,M,,
SUSQ SF,GREENLICK,,11,41.48561576,-77.74078109,,,0,L,0,L,1,L,,
SUSQ SF,GREENLICK,,12,41.48248004,-77.75177525,,,0,L,0,L,0,N,,
SUSQ SF,GREENLICK,,13,41.48213426,-77.75807913,,,0,L,0,L,0,L,,
SUSQ SF,GREENLICK,,14,41.48031546,-77.74700887,,,0,L,0,L,0,L,,
SUSQ SF,GREENLICK,,15,41.48115647,-77.73764741,,,0,L,2,L,1,M,,
SUSQ SF,GREENLICK,,16,41.47998982,-77.72991732,,,0,N,1,M,0,M,,
SUSQ SF,GREENLICK,,17,41.48291629,-77.72236123,,,,,0,M,,,,
SUSQ SF,GREENLICK,,18,41.47784518,-77.73412757,,,0,M,1,M,0,M,,
SUSQ SF,GREENLICK,,19,41.47829324,-77.7417648,,,0,L,0,L,1,L,,
SUSQ SF,GREENLICK,,20,41.4765157,-77.74988803,,,1,L,0,L,1,L,,
SUSQ SF,GREENLICK,,21,41.47674869,-77.7581944,,,1,L,0,N,0,L,,
SUSQ SF,GREENLICK,,22,41.47258566,-77.75916449,,,1,L,2,N,0,L,,
SUSQ SF,GREENLICK,,23,41.47213752,-77.75095493,,,2,L,2,L,2,M,,
SUSQ SF,GREENLICK,,24,41.47555311,-77.73671489,,,0,L,0,N,0,L,,
SUSQ SF,GREENLICK,,25,41.47494193,-77.72096261,,,0,H,1,M,0,H,,
SUSQ SF,GREENLICK,,26,41.474032,-77.73099206,,,,,,,,,,
SUSQ SF,GREENLICK,,28,41.47078985,-77.7264224,,,0,H,0,H,0,H,,
SUSQ SF,GREENLICK,,29,41.47130848,-77.73329466,,,0,L,0,N,1,L,,
SUSQ SF,GREENLICK,,30,41.47355376,-77.74178339,,,0,L,0,N,0,L,,
SUSQ SF,GREENLICK,,31,41.4678085,-77.74161497,,,0,L,0,N,0,L,,
SUSQ SF,GREENLICK,,32,41.46703959,-77.75126062,,,0,L,0,L,0,M,,
SUSQ SF,GREENLICK,,33,41.46863032,-77.75641021,,,0,M,0,L,0,L,,
SUSQ SF,GREENLICK,,34,41.4621585,-77.75223371,,,0,H,0,M,0,L,,
SUSQ SF,GREENLICK,,35,41.47841169,-77.76372661,,,,,0,N,0,N,,
SUSQ SF,GREENLICK,,36,41.47547649,-77.76822488,,,,,1,N,0,N,,
SUSQ SF,GREENLICK,,37,41.47174802,-77.77110236,,,,,1,N,,,,
SUSQ SF,GREENLICK,,38,41.46722226,-77.77025884,,,,,0,L,,,,
SUSQ SF,GREENLICK,,39,41.46340888,-77.76654896,,,,,0,L,,,,
SUSQ SF,GREENLICK,,40,41.45937937,-77.7625539,,,,,0,L,,,,
SE,LEAD,BQFA,1,40.01780629,-77.72848828,,,,,2,L,2,N,2,N
SE,LEAD,BQFA,2,40.01418684,-77.7233649,,,,,0,L,1,L,1,L
SE,LEAD,BQFA,3,40.01761232,-77.71932959,,,,,1,L,1,L,2,L
SE,LEAD,BQFA,4,40.0233651,-77.71874705,,,,,1,L,2,L,1,L
SE,LEAD,BQFA,5,40.02911761,-77.7180527,,,,,1,L,1,L,0,L
SE,LEAD,BQFA,6,40.03409048,-77.71468002,,,,,2,L,3,L,2,L
SE,LEAD,BQFA,7,40.03321809,-77.70932083,,,,,1,L,2,L,1,L
SE,LEAD,BQFA,8,40.03742949,-77.71053171,,,,,2,L,2,L,2,L
SE,LEAD,BQFA,9,40.04309863,-77.71084255,,,,,0,L,1,L,0,L
SE,LEAD,BQFA,10,40.04609713,-77.70792421,,,,,0,L,0,L,0,M
SE,LEAD,CONTROL,1,39.98526963,-77.69959117,,,,,0,M,0,L,0,N
SE,LEAD,CONTROL,2,39.99085671,-77.70135275,,,,,0,M,0,M,1,N
SE,LEAD,CONTROL,3,39.99635642,-77.70255668,,,,,0,M,0,L,0,N
SE,LEAD,CONTROL,4,40.001675,-77.70018802,,,,,0,L,0,L,1,N
SE,LEAD,CONTROL,5,40.00682444,-77.69882489,,,,,1,L,1,L,1,N
SE,LEAD,CONTROL,6,40.00594799,-77.6922396,,,,,2,L,2,L,1,N
SE,LEAD,CONTROL,7,40.00962725,-77.68719683,,,,,1,L,0,L,1,N
SE,LEAD,CONTROL,8,40.01373478,-77.68181641,,,,,1,M,0,L,0,N
SE,LEAD,CONTROL,9,40.01732548,-77.675991,,,,,0,L,0,M,0,N
SE,LEAD,CONTROL,10,40.0219622,-77.67563356,,,,,0,L,0,L,0,N
SC,MICHAUX,GLAT A - CULP,1,39.771385,-77.446948,3,L,0,M,0,L,0,L,,
SC,MICHAUX,GLAT A - CULP,2,39.772661,-77.445659,4,M,3,L,4,M,1,M,,
SC,MICHAUX,GLAT A - CULP,3,39.770091,-77.446082,0,M,0,M,0,H,0,H,,
SC,MICHAUX,GLAT B-GUM SPRINGS,1,39.789723,-77.427645,0,N,0,L,1,L,1,L,,
SC,MICHAUX,GLAT B-GUM SPRINGS,2,39.787818,-77.426532,0,M,0,H,1,H,0,M,,
SC,MICHAUX,GLAT B-GUM SPRINGS,3,39.78567,-77.429613,0,L,0,L,0,M,0,L,,
SC,MICHAUX,GLAT B-GUM SPRINGS,4,39.783792,-77.43182,0,M,0,L,0,L,0,L,,
SW,108,not included,1,40.674669,-78.407543,,,,,,,0,L,1,L
SW,108,not included,2,40.671238,-78.410924,,,,,,,3,N,2,N
SW,108,not included,3,40.670718,-78.416462,,,,,,,1,N,2,N
SW,108,not included,4,40.670929,-78.422099,,,,,,,1,N,2,N
SW,108,not included,5,40.671279,-78.42759,,,,,,,0,N,1,N
SW,108,not included,6,40.667456,-78.424557,,,,,,,3,N,1,N
SW,108,not included,7,40.665754,-78.428939,,,,,,,2,N,2,N
SW,108,not included,8,40.663348,-78.433545,,,,,,,1,N,1,N
SW,108,not included,9,40.659984,-78.456759,,,,,,,1,N,3,N
SW,108,not included,10,40.6577,-78.459858,,,,,,,2,N,3,N
SW,FORBES SF,ROUTE 1,1,40.114124,-79.337149,,,,,1,M,2,H,2,M
SW,FORBES SF,ROUTE 1,2,40.111014,-79.333689,,,,,1,M,2,L,1,M
SW,FORBES SF,ROUTE 1,3,40.110759,-79.328045,,,,,1,M,0,M,1,N
SW,FORBES SF,ROUTE 1,4,40.107649,-79.324434,,,,,1,M,0,M,1,M
SW,FORBES SF,ROUTE 1,5,40.104469,-79.322856,,,,,1,M,3,L,1,L
SW,FORBES SF,ROUTE 1,6,40.100626,-79.324326,,,,,0,M,3,L,2,N
SW,FORBES SF,ROUTE 1,7,40.096623,-79.327501,,,,,0,M,0,L,1,L
SW,FORBES SF,ROUTE 1,8,40.093626,-79.330245,,,,,0,M,0,L,0,M
SW,FORBES SF,ROUTE 1,9,40.106233,-79.317758,,,,,0,M,0,L,0,L
SW,FORBES SF,ROUTE 1,10,40.10969,-79.31393,,,,,0,M,0,L,0,L
SW,297,not included,1,40.104475,-80.139765,0,M,,,,,,,,
SW,297,not included,2,40.100728,-80.137231,0,N,,,,,,,,
SW,297,not included,3,40.096659,-80.135375,0,N,,,,,,,,
SW,297,not included,4,40.092411,-80.133697,0,L,,,,,,,,
SW,297,not included,5,40.088521,-80.131306,0,H,,,,,,,,
SW,297,not included,6,40.084488,-80.12945,2,H,,,,,,,,
SW,297,not included,7,40.080169,-80.128343,7,H,,,,,,,,
SW,297,not included,8,40.076279,-80.126594,3,H,,,,,,,,
SW,297,not included,9,40.072281,-80.123989,0,L,,,,,,,,
SW,297,not included,10,40.068069,-80.122775,0,L,,,,,,,,
SW,51,not included,1,39.91612,-79.5536,,,,,,,,,0,N
SW,51,not included,2,39.91124,-79.5542,,,,,,,,,1,N
SW,51,not included,3,39.90621,-79.5576,,,,,,,,,0,N
SW,51,not included,4,39.90272,-79.5629,,,,,,,,,0,N
SW,51,not included,5,39.90527,-79.5691,,,,,,,,,0,N
SW,51,not included,6,39.90895,-79.574,,,,,,,,,1,N
SW,51,not included,7,39.90906,-79.5806,,,,,,,,,0,N
SW,51,not included,8,39.90734,-79.5876,,,,,,,,,0,N
SW,51,not included,9,39.90245,-79.5878,,,,,,,,,0,N
SW,51,not included,10,39.89776,-79.5843,,,,,,,,,0,N
SE,145,not included,1,40.23539,-76.5231,0,M,0,L,,,0,L,,
SE,145,not included,2,40.2393,-76.5268,0,N,0,M,,,0,L,,
SE,145,not included,3,40.24193,-76.52776,0,L,0,L,,,0,N,,
SE,145,not included,4,40.24235,-76.52355,0,M,0,M,,,0,M,,
SE,145,not included,5,40.24166,-76.52199,1,L,0,N,,,0,M,,
SE,145,not included,6,40.24247,-76.51811,0,L,0,N,,,0,N,,
SE,145,not included,7,40.24382,-76.51714,0,L,0,N,,,0,L,,
SE,145,not included,8,40.24385,-76.52197,0,L,0,N,,,0,L,,
SE,145,not included,9,40.24501,-76.52385,0,L,0,N,,,0,N,,
SE,145,not included,10,40.24432,-76.52524,0,L,0,N,,,0,N,,
SE,280,BLUE MARSH,1,40.41677,-76.09102,0,L,0,M,0,M,0,M,0,M
SE,280,BLUE MARSH,2,40.41875,-76.09012,0,M,0,M,0,M,0,M,0,M
SE,280,BLUE MARSH,3,40.42084,-76.08611,0,L,0,L,0,N,0,L,0,L
SE,280,BLUE MARSH,4,40.4239,-76.0864,0,L,0,M,0,N,0,L,0,L
SE,280,BLUE MARSH,5,40.42358,-76.09205,0,L,0,L,0,N,0,L,0,L
SE,280,BLUE MARSH,6,40.42443,-76.09532,0,L,0,L,0,L,0,N,0,L
SE,280,BLUE MARSH,7,40.42425,-76.09979,0,L,0,L,0,L,0,N,0,N
SE,280,BLUE MARSH,8,40.42233,-76.10279,0,L,0,L,0,L,0,N,0,N
SE,280,BLUE MARSH,9,40.4216,-76.10468,0,L,0,L,0,M,0,N,0,L
SE,280,BLUE MARSH,10,40.42494,-76.10808,0,M,0,M,0,M,0,L,0,L
