"route_id","sightings","pres_abs","Latitude","Longitude","Route","Stop"
"57_BEECH LK_1",0,0,41.35349,-76.22199,"57_BEECH LK",1
"57_BEECH LK_2",1,1,41.35357,-76.22139,"57_BEECH LK",2
"57_BEECH LK_3",0,0,41.35363,-76.22139,"57_BEECH LK",3
"57_BEECH LK_4",0,0,41.35724,-76.22094,"57_BEECH LK",4
"57_BEECH LK_5",2,1,41.36152,-76.22041,"57_BEECH LK",5
"57_BEECH LK_6",0,0,41.36408,-76.22103,"57_BEECH LK",6
"57_BEECH LK_7",0,0,41.36457,-76.22629,"57_BEECH LK",7
"57_BEECH LK_8",0,0,41.36202,-76.22977,"57_BEECH LK",8
"57_BEECH LK_9",0,0,41.36421,-76.23419,"57_BEECH LK",9
"57_BEECH LK_10",0,0,41.36466,-76.23825,"57_BEECH LK",10
"187_1_1",0,0,41.0995,-75.86655,"187_1",1
"187_1_2",2,1,41.10303,-75.86885,"187_1",2
"187_1_3",2,1,41.10711,-75.87045,"187_1",3
"187_1_4",0,0,41.10887,-75.86671,"187_1",4
"187_1_5",1,1,41.10939,-75.86044,"187_1",5
"187_1_6",3,1,41.11024,-75.85502,"187_1",6
"187_1_7",4,1,41.10679,-75.85481,"187_1",7
"187_1_8",0,0,41.10455,-75.85465,"187_1",8
"187_1_9",0,0,41.11316,-75.8802,"187_1",9
"187_1_10",0,0,41.11893,-75.88081,"187_1",10
"219_1_1",3,1,41.97737,-76.23607,"219_1",1
"219_1_2",0,0,41.97955,-76.23129,"219_1",2
"219_1_3",1,1,41.98103,-76.22631,"219_1",3
"219_1_4",4,1,41.98177,-76.2207,"219_1",4
"219_1_5",2,1,41.98067,-76.21581,"219_1",5
"219_1_6",3,1,41.97992,-76.20975,"219_1",6
"219_1_7",1,1,41.97978,-76.2042,"219_1",7
"219_1_8",0,0,41.97958,-76.1984,"219_1",8
"219_1_9",0,0,41.98295,-76.19688,"219_1",9
"219_1_10",0,0,41.98739,-76.19705,"219_1",10
"236_1_1",0,0,41.77418,-75.55397,"236_1",1
"236_1_2",0,0,41.77114,-75.54945,"236_1",2
"236_1_3",1,1,41.7682,-75.54488,"236_1",3
"236_1_4",3,1,41.76575,-75.54004,"236_1",4
"236_1_5",1,1,41.76909,-75.53358,"236_1",5
"236_1_6",0,0,41.77767,-75.53571,"236_1",6
"236_1_7",2,1,41.78142,-75.5359,"236_1",7
"236_1_8",0,0,41.77832,-75.52604,"236_1",8
"236_1_9",1,1,41.77427,-75.52145,"236_1",9
"236_1_10",3,1,41.77069,-75.51717,"236_1",10
"289_1_1",0,0,41.77924,-76.63445,"289_1",1
"289_1_2",0,0,41.78294,-76.63778,"289_1",2
"289_1_3",2,1,41.78651,-76.64116,"289_1",3
"289_1_4",9,1,41.78966,-76.64471,"289_1",4
"289_1_5",5,1,41.79292,-76.64857,"289_1",5
"289_1_6",4,1,41.79463,-76.6534,"289_1",6
"289_1_7",4,1,41.79489,-76.65912,"289_1",7
"289_1_8",3,1,41.79663,-76.6645,"289_1",8
"289_1_9",0,0,41.79697,-76.66623,"289_1",9
"289_1_10",0,0,41.79103,-76.67099,"289_1",10
"NESCOPECK SP_1_1",4,1,41.067167,-75.922183,"NESCOPECK SP_1",1
"NESCOPECK SP_1_2",8,1,41.0699,-75.923367,"NESCOPECK SP_1",2
"NESCOPECK SP_1_3",6,1,41.07425,-75.9169,"NESCOPECK SP_1",3
"NESCOPECK SP_1_4",0,0,41.075567,-75.9119,"NESCOPECK SP_1",4
"NESCOPECK SP_1_5",8,1,41.078767,-75.9041,"NESCOPECK SP_1",5
"NESCOPECK SP_1_6",3,1,41.082733,-75.898867,"NESCOPECK SP_1",6
"NESCOPECK SP_1_7",0,0,41.086067,-75.892933,"NESCOPECK SP_1",7
"NESCOPECK SP_1_8",0,0,41.087583,-75.887733,"NESCOPECK SP_1",8
"NESCOPECK SP_1_9",6,1,41.091667,-75.881633,"NESCOPECK SP_1",9
"NESCOPECK SP_1_10",0,0,41.095967,-75.875233,"NESCOPECK SP_1",10
"39_1_1",0,0,41.360522,-79.894853,"39_1",1
"39_1_2",12,1,41.362378,-79.900278,"39_1",2
"39_1_3",10,1,41.363438,-79.905331,"39_1",3
"39_1_4",8,1,41.364781,-79.911099,"39_1",4
"39_1_5",14,1,41.367633,-79.915219,"39_1",5
"39_1_6",8,1,41.369992,-79.920637,"39_1",6
"69_1_1",0,0,41.63281,-79.89119,"69_1",1
"69_1_2",0,0,41.62823,-79.89088,"69_1",2
"69_1_3",12,1,41.62141,-79.889012,"69_1",3
"69_1_4",0,0,41.61324,-79.89942,"69_1",4
"69_1_5",2,1,41.61204,-79.89357,"69_1",5
"69_1_6",0,0,41.61198,-79.9004,"69_1",6
"69_1_7",0,0,41.61205,-79.90723,"69_1",7
"69_1_8",0,0,41.61219,-79.91586,"69_1",8
"69_1_9",0,0,41.61783,-79.91652,"69_1",9
"69_1_10",0,0,41.62293,-79.91669,"69_1",10
"69_2_1",0,0,41.62661,-79.90449,"69_2",1
"69_2_2",0,0,41.62686,-79.91055,"69_2",2
"69_2_3",0,0,41.62527,-79.91673,"69_2",3
"69_2_4",0,0,41.62907,-79.91701,"69_2",4
"69_2_5",0,0,41.63597,-79.91723,"69_2",5
"69_2_6",0,0,41.63912,-79.91271,"69_2",6
"69_2_7",0,0,41.64119,-79.90483,"69_2",7
"69_2_8",0,0,41.64315,-79.89763,"69_2",8
"69_3_1",6,1,41.65282,-79.93137,"69_3",1
"69_3_2",6,1,41.64986,-79.92602,"69_3",2
"69_3_3",2,1,41.64549,-79.92593,"69_3",3
"69_3_4",1,1,41.63963,-79.92813,"69_3",4
"69_3_5",4,1,41.6378,-79.92218,"69_3",5
"69_3_6",0,0,41.65383,-79.91803,"69_3",6
"69_3_7",0,0,41.66236,-79.91848,"69_3",7
"69_3_8",0,0,41.66873,-79.91879,"69_3",8
"69_3_9",0,0,41.67456,-79.91912,"69_3",9
"101_1_1",1,1,41.83668558,-80.4319339,"101_1",1
"101_1_2",2,1,41.83659188,-80.43997499,"101_1",2
"101_1_3",12,1,41.83654075,-80.44776781,"101_1",3
"101_1_4",12,1,41.83664401,-80.45566742,"101_1",4
"101_1_5",13,1,41.82773111,-80.49720956,"101_1",5
"101_1_6",10,1,41.83465918,-80.49723077,"101_1",6
"101_1_7",10,1,41.83923469,-80.49710864,"101_1",7
"101_1_8",15,1,41.84507428,-80.49698249,"101_1",8
"101_2_1",11,1,41.84100176,-80.46672064,"101_2",1
"101_2_2",2,1,41.84639267,-80.468811,"101_2",2
"101_2_3",0,0,41.85236896,-80.46992647,"101_2",3
"101_2_4",7,1,41.85808928,-80.47042058,"101_2",4
"101_2_5",6,1,41.86475742,-80.47087697,"101_2",5
"101_2_6",4,1,41.87005889,-80.47131484,"101_2",6
"101_2_7",12,1,41.87459517,-80.47167828,"101_2",7
"130_NORTH 1-2_1",10,1,41.34047,-80.00098,"130_NORTH 1-2",1
"130_NORTH 1-3_2",4,1,41.33736,-80.00309,"130_NORTH 1-3",2
"130_NORTH 3-4_3",5,1,41.34398,-80.0196,"130_NORTH 3-4",3
"130_NORTH 3-5_4",11,1,41.33968,-80.01939,"130_NORTH 3-5",4
"130_SOUTH_1",0,0,41.31769,-80.02455,"130_SOUTH",1
"130_SOUTH_2",6,1,41.32175,-80.02348,"130_SOUTH",2
"130_SOUTH_3",0,0,41.32191,-80.01884,"130_SOUTH",3
"130_SOUTH_4",2,1,41.32195,-80.01276,"130_SOUTH",4
"130_SOUTH_5",4,1,41.32581,-80.01122,"130_SOUTH",5
"130_SOUTH_6",5,1,41.32837,-80.01115,"130_SOUTH",6
"314_1_1",4,1,41.987,-80.4825,"314_1",1
"314_1_2",11,1,41.9816,-80.4792,"314_1",2
"314_1_3",7,1,41.9776,-80.4758,"314_1",3
"314_1_4",2,1,41.9734,-80.4689,"314_1",4
"314_1_5",3,1,41.9699,-80.4712,"314_1",5
"314_1_6",5,1,41.9687,-80.4784,"314_1",6
"314_1_7",9,1,41.9679,-80.4861,"314_1",7
"314_1_8",0,0,41.9682,-80.4933,"314_1",8
"314_1_9",23,1,41.9747,-80.4933,"314_1",9
"314_1_10",22,1,41.9798,-80.4933,"314_1",10
"314_2_1",2,1,41.965,-80.4954,"314_2",1
"314_2_2",2,1,41.965,-80.5036,"314_2",2
"314_2_3",6,1,41.9651,-80.511,"314_2",3
"314_2_4",2,1,41.965,-80.519,"314_2",4
"314_2_5",2,1,41.9707,-80.5193,"314_2",5
"314_2_6",6,1,41.9763,-80.5192,"314_2",6
"314_2_7",2,1,41.9788,-80.512,"314_2",7
"314_2_8",1,1,41.9813,-80.5051,"314_2",8
"314_2_9",0,0,41.9844,-80.4986,"314_2",9
"MK GODDARD** GOOD STOPVER LOC; NOT A BREEDING SITE_DEMO AREA/SHEETS/BILLIG TRACT_1",5,1,41.42239,-80.14077,"MK GODDARD** GOOD STOPVER LOC; NOT A BREEDING SITE_DEMO AREA/SHEETS/BILLIG TRACT",1
"MK GODDARD** GOOD STOPVER LOC; NOT A BREEDING SITE_DEMO AREA/SHEETS/BILLIG TRACT_2",5,1,41.42356,-80.14196,"MK GODDARD** GOOD STOPVER LOC; NOT A BREEDING SITE_DEMO AREA/SHEETS/BILLIG TRACT",2
"MK GODDARD** GOOD STOPVER LOC; NOT A BREEDING SITE_DEMO AREA/SHEETS/BILLIG TRACT_3",1,1,41.42482,-80.1413,"MK GODDARD** GOOD STOPVER LOC; NOT A BREEDING SITE_DEMO AREA/SHEETS/BILLIG TRACT",3
"MK GODDARD** GOOD STOPVER LOC; NOT A BREEDING SITE_OFFICE/BILLING_1",7,1,41.42945,-80.14669,"MK GODDARD** GOOD STOPVER LOC; NOT A BREEDING SITE_OFFICE/BILLING",1
"MK GODDARD** GOOD STOPVER LOC; NOT A BREEDING SITE_OFFICE/BILLING_2",2,1,41.42934,-80.14912,"MK GODDARD** GOOD STOPVER LOC; NOT A BREEDING SITE_OFFICE/BILLING",2
"MK GODDARD** GOOD STOPVER LOC; NOT A BREEDING SITE_OFFICE/BILLING_3",0,0,41.42904,-80.15101,"MK GODDARD** GOOD STOPVER LOC; NOT A BREEDING SITE_OFFICE/BILLING",3
"MK GODDARD** GOOD STOPVER LOC; NOT A BREEDING SITE_OFFICE/BILLING_4",0,0,41.42754,-80.15113,"MK GODDARD** GOOD STOPVER LOC; NOT A BREEDING SITE_OFFICE/BILLING",4
"MK GODDARD** GOOD STOPVER LOC; NOT A BREEDING SITE_OFFICE/BILLING_5",3,1,41.42764,-80.1494,"MK GODDARD** GOOD STOPVER LOC; NOT A BREEDING SITE_OFFICE/BILLING",5
"MK GODDARD** GOOD STOPVER LOC; NOT A BREEDING SITE_OFFICE/BILLING_6",2,1,41.42878,-80.14938,"MK GODDARD** GOOD STOPVER LOC; NOT A BREEDING SITE_OFFICE/BILLING",6
"MK GODDARD** GOOD STOPVER LOC; NOT A BREEDING SITE_OFFICE/BILLING_7",1,1,41.42794,-80.14774,"MK GODDARD** GOOD STOPVER LOC; NOT A BREEDING SITE_OFFICE/BILLING",7
"MK GODDARD** GOOD STOPVER LOC; NOT A BREEDING SITE_BIKE TRAIL/ELDER_1",0,0,41.42488,-80.14874,"MK GODDARD** GOOD STOPVER LOC; NOT A BREEDING SITE_BIKE TRAIL/ELDER",1
"MK GODDARD** GOOD STOPVER LOC; NOT A BREEDING SITE_BIKE TRAIL/ELDER_2",1,1,41.42585,-80.14765,"MK GODDARD** GOOD STOPVER LOC; NOT A BREEDING SITE_BIKE TRAIL/ELDER",2
"MK GODDARD** GOOD STOPVER LOC; NOT A BREEDING SITE_BIKE TRAIL/ELDER_3",1,1,41.42564,-80.14651,"MK GODDARD** GOOD STOPVER LOC; NOT A BREEDING SITE_BIKE TRAIL/ELDER",3
"MK GODDARD** GOOD STOPVER LOC; NOT A BREEDING SITE_BIKE TRAIL/ELDER_4",0,0,41.42523,-80.14512,"MK GODDARD** GOOD STOPVER LOC; NOT A BREEDING SITE_BIKE TRAIL/ELDER",4
"MK GODDARD** GOOD STOPVER LOC; NOT A BREEDING SITE_BIKE TRAIL/ELDER_5",1,1,41.42425,-80.14546,"MK GODDARD** GOOD STOPVER LOC; NOT A BREEDING SITE_BIKE TRAIL/ELDER",5
"ERIE  NWR_SUGAR-1_1",3,1,41.66456,-79.953234,"ERIE  NWR_SUGAR-1",1
"ERIE  NWR_SUGAR-1_2",6,1,41.663176,-79.959539,"ERIE  NWR_SUGAR-1",2
"ERIE  NWR_SUGAR-1_3",4,1,41.65971,-79.962669,"ERIE  NWR_SUGAR-1",3
"ERIE  NWR_SUGAR-1_4",0,0,41.653909,-79.963639,"ERIE  NWR_SUGAR-1",4
"ERIE  NWR_SUGAR-1_5",5,1,41.648228,-79.964883,"ERIE  NWR_SUGAR-1",5
"ERIE  NWR_SUGAR-1_6",5,1,41.643092,-79.966766,"ERIE  NWR_SUGAR-1",6
"ERIE  NWR_SUGAR-2_1",6,1,41.626677,-79.960234,"ERIE  NWR_SUGAR-2",1
"ERIE  NWR_SUGAR-2_2",6,1,41.631147,-79.959598,"ERIE  NWR_SUGAR-2",2
"ERIE  NWR_SUGAR-2_3",2,1,41.630013,-79.953638,"ERIE  NWR_SUGAR-2",3
"ERIE  NWR_SUGAR-2_4",9,1,41.624469,-79.955108,"ERIE  NWR_SUGAR-2",4
"ERIE  NWR_SUGAR-2_5",6,1,41.619156,-79.956262,"ERIE  NWR_SUGAR-2",5
"ERIE  NWR_SUGAR-2_6",3,1,41.613917,-79.957654,"ERIE  NWR_SUGAR-2",6
"ERIE  NWR_SUGAR-2_7",1,1,41.608017,-79.956537,"ERIE  NWR_SUGAR-2",7
"ERIE  NWR_SUGAR-2_8",3,1,41.602969,-79.954207,"ERIE  NWR_SUGAR-2",8
"ERIE  NWR_SUGAR-2_9",0,0,41.596653,-79.953925,"ERIE  NWR_SUGAR-2",9
"ERIE  NWR_SUGAR-3_1",8,1,41.613905,-79.949349,"ERIE  NWR_SUGAR-3",1
"ERIE  NWR_SUGAR-3_2",14,1,41.614719,-79.957617,"ERIE  NWR_SUGAR-3",2
"ERIE  NWR_SUGAR-3_3",10,1,41.618127,-79.962016,"ERIE  NWR_SUGAR-3",3
"ERIE  NWR_SUGAR-3_4",6,1,41.618426,-79.969225,"ERIE  NWR_SUGAR-3",4
"ERIE  NWR_SUGAR-3_5",1,1,41.615771,-79.967419,"ERIE  NWR_SUGAR-3",5
"ERIE  NWR_SUGAR-3_6",0,0,41.61069,-79.967308,"ERIE  NWR_SUGAR-3",6
"ERIE  NWR_SUGAR-3_7",1,1,41.60506,-79.967277,"ERIE  NWR_SUGAR-3",7
"ERIE  NWR_SUGAR-3_8",5,1,41.599259,-79.967262,"ERIE  NWR_SUGAR-3",8
"ERIE  NWR_SUGAR-4_1",8,1,41.57444,-79.974818,"ERIE  NWR_SUGAR-4",1
"ERIE  NWR_SUGAR-4_2",12,1,41.580031,-79.977501,"ERIE  NWR_SUGAR-4",2
"ERIE  NWR_SUGAR-4_3",3,1,41.58514,-79.977792,"ERIE  NWR_SUGAR-4",3
"ERIE  NWR_SUGAR-4_4",13,1,41.590554,-79.975859,"ERIE  NWR_SUGAR-4",4
"ERIE  NWR_SUGAR-4_5",9,1,41.596344,-79.975648,"ERIE  NWR_SUGAR-4",5
"ERIE  NWR_SUGAR-4_6",5,1,41.591633,-79.975602,"ERIE  NWR_SUGAR-4",6
"ERIE  NWR_SUGAR-4_7",8,1,41.588078,-79.969912,"ERIE  NWR_SUGAR-4",7
"ERIE  NWR_SUGAR-5_1",1,1,41.567977,-79.986399,"ERIE  NWR_SUGAR-5",1
"ERIE  NWR_SUGAR-5_2",2,1,41.572827,-79.990953,"ERIE  NWR_SUGAR-5",2
"ERIE  NWR_SUGAR-5_3",14,1,41.577957,-79.992552,"ERIE  NWR_SUGAR-5",3
"ERIE  NWR_SUGAR-5_4",7,1,41.583641,-79.992608,"ERIE  NWR_SUGAR-5",4
"ERIE  NWR_SUGAR-5_5",1,1,41.590248,-79.993129,"ERIE  NWR_SUGAR-5",5
"ERIE  NWR_SUGAR-5_6",1,1,41.59604,-79.993267,"ERIE  NWR_SUGAR-5",6
"ERIE  NWR_SUGAR-5_7",3,1,41.598127,-79.987775,"ERIE  NWR_SUGAR-5",7
"ERIE  NWR_SENECA-1_1",13,1,41.77223,-79.973347,"ERIE  NWR_SENECA-1",1
"ERIE  NWR_SENECA-1_2",1,1,41.77772,-79.970877,"ERIE  NWR_SENECA-1",2
"ERIE  NWR_SENECA-1_3",1,1,41.783249,-79.969706,"ERIE  NWR_SENECA-1",3
"ERIE  NWR_SENECA-1_4",9,1,41.788522,-79.968177,"ERIE  NWR_SENECA-1",4
"ERIE  NWR_SENECA-1_5",5,1,41.792679,-79.962719,"ERIE  NWR_SENECA-1",5
"ERIE  NWR_SENECA-2_1",3,1,41.794526,-80.023337,"ERIE  NWR_SENECA-2",1
"ERIE  NWR_SENECA-2_2",1,1,41.797861,-80.01633,"ERIE  NWR_SENECA-2",2
"ERIE  NWR_SENECA-2_3",0,0,41.799793,-80.009439,"ERIE  NWR_SENECA-2",3
"ERIE  NWR_SENECA-2_4",3,1,41.799968,-80.000613,"ERIE  NWR_SENECA-2",4
"ERIE  NWR_SENECA-2_5",0,0,41.799246,-79.994245,"ERIE  NWR_SENECA-2",5
"ERIE  NWR_SENECA-2_6",0,0,41.801541,-79.987818,"ERIE  NWR_SENECA-2",6
"ERIE  NWR_SENECA-2_7",0,0,41.802777,-79.979926,"ERIE  NWR_SENECA-2",7
"ERIE  NWR_SENECA-3_1",4,1,41.790439,-79.957977,"ERIE  NWR_SENECA-3",1
"ERIE  NWR_SENECA-3_2",7,1,41.785749,-79.953335,"ERIE  NWR_SENECA-3",2
"ERIE  NWR_SENECA-3_3",12,1,41.781849,-79.947454,"ERIE  NWR_SENECA-3",3
"ERIE  NWR_SENECA-3_4",16,1,41.777107,-79.942971,"ERIE  NWR_SENECA-3",4
"ERIE  NWR_SENECA-3_5",0,0,41.772266,-79.939646,"ERIE  NWR_SENECA-3",5
"ERIE  NWR_SENECA-3_6",3,1,41.767134,-79.934954,"ERIE  NWR_SENECA-3",6
"ERIE  NWR_SENECA-3_7",3,1,41.761791,-79.931819,"ERIE  NWR_SENECA-3",7
"ERIE  NWR_SENECA-3_8",3,1,41.758751,-79.936212,"ERIE  NWR_SENECA-3",8
"ERIE  NWR_SENECA-3_9",3,1,41.754149,-79.93814,"ERIE  NWR_SENECA-3",9
"CHRISTMAN_1_1",4,1,41.91127,-79.38311,"CHRISTMAN_1",1
"CHRISTMAN_1_2",3,1,41.91364,-79.38308,"CHRISTMAN_1",2
"CHRISTMAN_1_3",0,0,41.9127,-79.38093,"CHRISTMAN_1",3
"CHRISTMAN_1_4",1,1,41.91076,-79.37266,"CHRISTMAN_1",4
"CHRISTMAN_1_5",3,1,41.91042,-79.36917,"CHRISTMAN_1",5
"BUTCHER PLAP_1_1",3,1,41.59042,-79.72802,"BUTCHER PLAP_1",1
"BUTCHER PLAP_1_2",5,1,41.59032,-79.72102,"BUTCHER PLAP_1",2
"GROSS PLAP_1_1",0,0,41.72083,-79.73247,"GROSS PLAP_1",1
"GROSS PLAP_1_2",0,0,41.72446,-79.73557,"GROSS PLAP_1",2
"GROSS PLAP_1_3",0,0,41.72697,-79.73104,"GROSS PLAP_1",3
"420_420 North_1",3,1,40.39634,-78.13247,"420_420 North",1
"420_420 North_2",4,1,40.40002,-78.12932,"420_420 North",2
"420_420 North_3",1,1,40.4034,-78.13223,"420_420 North",3
"420_420 North_4",4,1,40.4038,-78.126973,"420_420 North",4
"48_Milligan's Cove_1",9,1,39.92522,-78.63022,"48_Milligan's Cove",1
"48_Milligan's Cove_2",12,1,39.92107,-78.63193,"48_Milligan's Cove",2
"48_Milligan's Cove_3",5,1,39.91777,-78.63546,"48_Milligan's Cove",3
"48_Milligan's Cove_4",6,1,39.91352,-78.63666,"48_Milligan's Cove",4
"48_Milligan's Cove_5",4,1,39.90986,-78.6395,"48_Milligan's Cove",5
"48_Milligan's Cove_6",5,1,39.90578,-78.64136,"48_Milligan's Cove",6
"48_Milligan's Cove_7",0,0,39.90169,-78.64353,"48_Milligan's Cove",7
"48_Milligan's Cove_8",4,1,39.90169,-78.64353,"48_Milligan's Cove",8
"48_Milligan's Cove_9",5,1,39.89424,-78.64933,"48_Milligan's Cove",9
"48_Milligan's Cove_10",7,1,39.89048,-78.65239,"48_Milligan's Cove",10
"242_SGL 242_1",0,0,40.09373,-76.93903,"242_SGL 242",1
"242_SGL 242_2",0,0,40.09392,-76.94366,"242_SGL 242",2
"242_SGL 242_3",1,1,40.09142,-76.94527,"242_SGL 242",3
"242_SGL 242_4",0,0,40.08852,-76.94199,"242_SGL 242",4
"242_SGL 242_5",0,0,40.08596,-76.94223,"242_SGL 242",5
"249_SGL 249_1",0,0,39.943167,-77.175433,"249_SGL 249",1
"249_SGL 249_2",5,1,39.938383,-77.1755,"249_SGL 249",2
"249_SGL 249_3",1,1,39.934467,-77.173467,"249_SGL 249",3
"249_SGL 249_4",0,0,39.933783,-77.168717,"249_SGL 249",4
"249_SGL 249_5",0,0,39.936983,-77.165117,"249_SGL 249",5
"249_SGL 249_6",5,1,39.940833,-77.167683,"249_SGL 249",6
"249_SGL 249_7",1,1,39.944317,-77.170967,"249_SGL 249",7
"251_Block's Hollow_1",0,0,40.27332,-77.77445,"251_Block's Hollow",1
"251_Block's Hollow_2",0,0,40.26958,-77.77723,"251_Block's Hollow",2
"251_Block's Hollow_3",0,0,40.26599,-77.78053,"251_Block's Hollow",3
"251_Block's Hollow_4",0,0,40.26232,-77.78382,"251_Block's Hollow",4
"251_Block's Hollow_5",0,0,40.25873,-77.78692,"251_Block's Hollow",5
"251_Block's Hollow_6",0,0,40.25506,-77.7902,"251_Block's Hollow",6
"251_Block's Hollow_7",0,0,40.25163,-77.79366,"251_Block's Hollow",7
"251_Block's Hollow_8",0,0,40.24809,-77.797,"251_Block's Hollow",8
"251_Block's Hollow_9",0,0,40.24437,-77.80024,"251_Block's Hollow",9
"251_Block's Hollow_10",0,0,40.2406,-77.80297,"251_Block's Hollow",10
"251.5_Block's Hollow Rerouted_1",0,0,40.24934,-77.795794,"251.5_Block's Hollow Rerouted",1
"251.5_Block's Hollow Rerouted_2",3,1,40.246594,-77.798438,"251.5_Block's Hollow Rerouted",2
"251.5_Block's Hollow Rerouted_3",0,0,40.243871,-77.800613,"251.5_Block's Hollow Rerouted",3
"251.5_Block's Hollow Rerouted_4",0,0,40.240441,-77.803134,"251.5_Block's Hollow Rerouted",4
"251.5_Block's Hollow Rerouted_5",0,0,40.22949,-77.812964,"251.5_Block's Hollow Rerouted",5
"251.5_Block's Hollow Rerouted_6",3,1,40.223372,-77.816661,"251.5_Block's Hollow Rerouted",6
"251.5_Block's Hollow Rerouted_7",2,1,40.219176,-77.819951,"251.5_Block's Hollow Rerouted",7
"251.5_Block's Hollow Rerouted_8",2,1,40.214564,-77.823738,"251.5_Block's Hollow Rerouted",8
"PSU SVEF_Masseyburg_1",6,1,40.66043,-77.92635,"PSU SVEF_Masseyburg",1
"PSU SVEF_Masseyburg_2",6,1,40.66198,-77.92439,"PSU SVEF_Masseyburg",2
"PSU SVEF_Masseyburg_3",7,1,40.66349,-77.925,"PSU SVEF_Masseyburg",3
"PSU SVEF_Masseyburg_4",5,1,40.6648,-77.92428,"PSU SVEF_Masseyburg",4
"PSU SVEF_Muthersbaugh_1",9,1,40.65805,-77.89392,"PSU SVEF_Muthersbaugh",1
"PSU SVEF_Muthersbaugh_2",5,1,40.65998,-77.89196,"PSU SVEF_Muthersbaugh",2
"PSU SVEF_Muthersbaugh_3",6,1,40.65877,-77.89099,"PSU SVEF_Muthersbaugh",3
"PSU SVEF_Muthersbaugh_4",8,1,40.65259,-77.89615,"PSU SVEF_Muthersbaugh",4
"PSU SVEF_Muthersbaugh_5",5,1,40.65371,-77.89417,"PSU SVEF_Muthersbaugh",5
"PSU SVEF_Muthersbaugh_6",6,1,40.65461,-77.89266,"PSU SVEF_Muthersbaugh",6
"PSU SVEF_Red Rose_1",7,1,40.67217,-77.90056,"PSU SVEF_Red Rose",1
"PSU SVEF_Red Rose_2",5,1,40.6735,-77.89829,"PSU SVEF_Red Rose",2
"PSU SVEF_Red Rose_3",6,1,40.67499,-77.89905,"PSU SVEF_Red Rose",3
"PSU SVEF_Red Rose_4",10,1,40.67634,-77.89591,"PSU SVEF_Red Rose",4
"PSU SVEF_Red Rose_5",11,1,40.67742,-77.89258,"PSU SVEF_Red Rose",5
"PSU SVEF_Woodcock trail_1",5,1,40.67802,-77.90608,"PSU SVEF_Woodcock trail",1
"PSU SVEF_Woodcock trail_2",6,1,40.6805,-77.90689,"PSU SVEF_Woodcock trail",2
"PSU SVEF_Woodcock trail_3",3,1,40.680862,-77.9053,"PSU SVEF_Woodcock trail",3
"PSU SVEF_Woodcock trail_4",2,1,40.68246,-77.90424,"PSU SVEF_Woodcock trail",4
"PSU SVEF_Woodcock trail_5",1,1,40.6769,-77.9048,"PSU SVEF_Woodcock trail",5
"420_420 South_1",5,1,40.36192,-78.17761,"420_420 South",1
"420_420 South_2",2,1,40.36537,-78.17443,"420_420 South",2
"420_420 South_3",4,1,40.36888,-78.17105,"420_420 South",3
"420_420 South_4",9,1,40.37246,-78.16765,"420_420 South",4
"420_420 South_5",5,1,40.37598,-78.16772,"420_420 South",5
"420_420 South_6",0,0,40.37906,-78.16683,"420_420 South",6
"420_420 South_7",0,0,40.37608,-78.16287,"420_420 South",7
"420_420 South_8",3,1,40.38231,-78.14992,"420_420 South",8
"420_420 South_9",0,0,40.37988,-78.15405,"420_420 South",9
"420_420 South_10",0,0,40.37748,-78.1586,"420_420 South",10
"PSU SVEF_Grouseless Bottom_1",2,1,40.645405,-77.931299,"PSU SVEF_Grouseless Bottom",1
"PSU SVEF_Grouseless Bottom_2",0,0,40.64636,-77.92698,"PSU SVEF_Grouseless Bottom",2
"PSU SVEF_Grouseless Bottom_3",0,0,40.649332,-77.92473,"PSU SVEF_Grouseless Bottom",3
"PSU SVEF_HUTCH HILL_1",0,0,40.647252,-77.933158,"PSU SVEF_HUTCH HILL",1
"PSU SVEF_HUTCH HILL_2",0,0,40.64848,-77.93169,"PSU SVEF_HUTCH HILL",2
"PSU SVEF_HUTCH HILL_3",0,0,40.65012,-77.930155,"PSU SVEF_HUTCH HILL",3
"PSU SVEF_HUTCH HILL_4",0,0,40.655607,-77.926639,"PSU SVEF_HUTCH HILL",4
"PSU SVEF_Manor Hill_1",2,1,40.615498,-77.909188,"PSU SVEF_Manor Hill",1
"166_BEAVER DAMS_1",2,1,40.55735,-78.21355,"166_BEAVER DAMS",1
"166_BEAVER DAMS_2",3,1,40.55333,-78.21577,"166_BEAVER DAMS",2
"166_BEAVER DAMS_3",2,1,40.55138,-78.22032,"166_BEAVER DAMS",3
"166_BEAVER DAMS_4",1,1,40.55077,-78.22574,"166_BEAVER DAMS",4
"166_BEAVER DAMS_5",1,1,40.54846,-78.23028,"166_BEAVER DAMS",5
"166_BEAVER DAMS_6",0,0,40.54553,-78.23485,"166_BEAVER DAMS",6
"166_BEAVER DAMS_7",0,0,40.54242,-78.23888,"166_BEAVER DAMS",7
"166_BEAVER DAMS_8",0,0,40.53904,-78.24232,"166_BEAVER DAMS",8
"166_BEAVER DAMS_9",0,0,40.5354,-78.24546,"166_BEAVER DAMS",9
"166_BEAVER DAMS_10",0,0,40.53152,-78.24776,"166_BEAVER DAMS",10
"107_PAINTERSVILLE_1",2,1,40.643172,-77.464207,"107_PAINTERSVILLE",1
"107_PAINTERSVILLE_2",1,1,40.644987,-77.463924,"107_PAINTERSVILLE",2
"107_PAINTERSVILLE_3",2,1,40.645739,-77.460245,"107_PAINTERSVILLE",3
"107_PAINTERSVILLE_4",0,0,40.647329,-77.457268,"107_PAINTERSVILLE",4
"176_CONTROL_1",1,1,40.7804,-77.97831,"176_CONTROL",1
"176_CONTROL_2",0,0,40.77638,-77.98106,"176_CONTROL",2
"176_CONTROL_3",0,0,40.77232,-77.97977,"176_CONTROL",3
"176_CONTROL_4",1,1,40.76989,-77.97519,"176_CONTROL",4
"176_CONTROL_5",2,1,40.76693,-77.9709,"176_CONTROL",5
"176_CONTROL_6",2,1,40.76233,-77.97283,"176_CONTROL",6
"176_CONTROL_7",1,1,40.75809,-77.97479,"176_CONTROL",7
"176_CONTROL_8",0,0,40.75554,-77.97155,"176_CONTROL",8
"176_CONTROL_9",0,0,40.75568,-77.96632,"176_CONTROL",9
"176_CONTROL_10",0,0,40.75254,-77.96186,"176_CONTROL",10
"176_BURN_1",0,0,40.79033,-77.92937,"176_BURN",1
"176_BURN_2",0,0,40.79237,-77.93391,"176_BURN",2
"176_BURN_3",0,0,40.79008,-77.93845,"176_BURN",3
"176_BURN_4",0,0,40.78859,-77.94324,"176_BURN",4
"176_BURN_5",3,1,40.78656,-77.9482,"176_BURN",5
"176_BURN_6",3,1,40.78777,-77.9515,"176_BURN",6
"176_BURN_7",1,1,40.79156,-77.94943,"176_BURN",7
"176_BURN_8",1,1,40.79483,-77.94914,"176_BURN",8
"176_BURN_9",0,0,40.7964,-77.95429,"176_BURN",9
"176_BURN_10",0,0,40.79548,-77.95856,"176_BURN",10
"176_TRT_1",0,0,40.78474,-77.97246,"176_TRT",1
"176_TRT_2",0,0,40.78535,-77.9669,"176_TRT",2
"176_TRT_3",0,0,40.78329,-77.96201,"176_TRT",3
"176_TRT_4",5,1,40.78201,-77.95695,"176_TRT",4
"176_TRT_5",12,1,40.78058,-77.95195,"176_TRT",5
"176_TRT_6",2,1,40.77729,-77.94804,"176_TRT",6
"176_TRT_7",0,0,40.77368,-77.94769,"176_TRT",7
"176_TRT_8",0,0,40.77095,-77.95115,"176_TRT",8
"176_TRT_9",0,0,40.767,-77.95183,"176_TRT",9
"176_TRT_10",0,0,40.76709,-77.95619,"176_TRT",10
"CLERMONT_01 SHAUMUT_1",0,0,41.604262,-78.462727,"CLERMONT_01 SHAUMUT",1
"CLERMONT_01 SHAUMUT_2",5,1,41.6105,-78.454247,"CLERMONT_01 SHAUMUT",2
"CLERMONT_01 SHAUMUT_3",3,1,41.610999,-78.460353,"CLERMONT_01 SHAUMUT",3
"CLERMONT_01 SHAUMUT_4",3,1,41.614019,-78.464881,"CLERMONT_01 SHAUMUT",4
"CLERMONT_01 SHAUMUT_5",2,1,41.61655,-78.469363,"CLERMONT_01 SHAUMUT",5
"CLERMONT_01 SHAUMUT_6",1,1,41.618446,-78.475147,"CLERMONT_01 SHAUMUT",6
"CLERMONT_01 SHAUMUT_7",1,1,41.617942,-78.465076,"CLERMONT_01 SHAUMUT",7
"CLERMONT_01 SHAUMUT_8",0,0,41.625694,-78.458526,"CLERMONT_01 SHAUMUT",8
"CLERMONT_01 SHAUMUT_9",0,0,41.630684,-78.462723,"CLERMONT_01 SHAUMUT",9
"CLERMONT_01 SHAUMUT_10",0,0,41.639239,-78.468698,"CLERMONT_01 SHAUMUT",10
"CLERMONT_02 NESBITT/LASHER_1",1,1,41.68125,-78.415015,"CLERMONT_02 NESBITT/LASHER",1
"CLERMONT_02 NESBITT/LASHER_2",1,1,41.681046,-78.420402,"CLERMONT_02 NESBITT/LASHER",2
"CLERMONT_02 NESBITT/LASHER_3",1,1,41.681073,-78.425601,"CLERMONT_02 NESBITT/LASHER",3
"CLERMONT_02 NESBITT/LASHER_4",1,1,41.68014,-78.42842,"CLERMONT_02 NESBITT/LASHER",4
"CLERMONT_02 NESBITT/LASHER_5",1,1,41.677733,-78.432181,"CLERMONT_02 NESBITT/LASHER",5
"CLERMONT_02 NESBITT/LASHER_6",2,1,41.675462,-78.435282,"CLERMONT_02 NESBITT/LASHER",6
"CLERMONT_02 NESBITT/LASHER_7",0,0,41.676332,-78.438608,"CLERMONT_02 NESBITT/LASHER",7
"CLERMONT_02 NESBITT/LASHER_8",2,1,41.674243,-78.445477,"CLERMONT_02 NESBITT/LASHER",8
"CLERMONT_02 NESBITT/LASHER_9",0,0,41.671108,-78.452687,"CLERMONT_02 NESBITT/LASHER",9
"CLERMONT_02 NESBITT/LASHER_10",0,0,41.665162,-78.452458,"CLERMONT_02 NESBITT/LASHER",10
"CLERMONT_03 GUMBOOT; RT 146_1",0,0,41.65159,-78.51746,"CLERMONT_03 GUMBOOT; RT 146",1
"CLERMONT_03 GUMBOOT; RT 146_2",8,1,41.655286,-78.511527,"CLERMONT_03 GUMBOOT; RT 146",2
"CLERMONT_03 GUMBOOT; RT 146_3",1,1,41.65796,-78.509943,"CLERMONT_03 GUMBOOT; RT 146",3
"CLERMONT_03 GUMBOOT; RT 146_4",2,1,41.661983,-78.504557,"CLERMONT_03 GUMBOOT; RT 146",4
"CLERMONT_03 GUMBOOT; RT 146_5",0,0,41.667356,-78.49913,"CLERMONT_03 GUMBOOT; RT 146",5
"CLERMONT_03 GUMBOOT; RT 146_6",0,0,41.673024,-78.495252,"CLERMONT_03 GUMBOOT; RT 146",6
"CLERMONT_03 GUMBOOT; RT 146_7",2,1,41.676096,-78.493779,"CLERMONT_03 GUMBOOT; RT 146",7
"CLERMONT_03 GUMBOOT; RT 146_8",0,0,41.680013,-78.497339,"CLERMONT_03 GUMBOOT; RT 146",8
"CLERMONT_03 GUMBOOT; RT 146_9",0,0,41.684214,-78.494313,"CLERMONT_03 GUMBOOT; RT 146",9
"CLERMONT_03 GUMBOOT; RT 146_10",0,0,41.686396,-78.49323,"CLERMONT_03 GUMBOOT; RT 146",10
"CLERMONT_04 WEST_1",1,1,41.685372,-78.502132,"CLERMONT_04 WEST",1
"CLERMONT_04 WEST_2",3,1,41.682519,-78.510092,"CLERMONT_04 WEST",2
"CLERMONT_04 WEST_3",1,1,41.680632,-78.519621,"CLERMONT_04 WEST",3
"CLERMONT_04 WEST_4",2,1,41.679248,-78.527719,"CLERMONT_04 WEST",4
"CLERMONT_04 WEST_5",4,1,41.682956,-78.531573,"CLERMONT_04 WEST",5
"CLERMONT_04 WEST_6",5,1,41.681294,-78.53962,"CLERMONT_04 WEST",6
"CLERMONT_04 WEST_7",2,1,41.678775,-78.54593,"CLERMONT_04 WEST",7
"CLERMONT_04 WEST_8",0,0,41.67621,-78.553797,"CLERMONT_04 WEST",8
"CLERMONT_04 WEST_9",2,1,41.673389,-78.560675,"CLERMONT_04 WEST",9
"CLERMONT_04 WEST_10",1,1,41.675379,-78.567047,"CLERMONT_04 WEST",10
"CLERMONT_05 EAST_1",2,1,41.695724,-78.479984,"CLERMONT_05 EAST",1
"CLERMONT_05 EAST_2",1,1,41.700007,-78.478513,"CLERMONT_05 EAST",2
"CLERMONT_05 EAST_3",0,0,41.705006,-78.472087,"CLERMONT_05 EAST",3
"CLERMONT_05 EAST_4",4,1,41.706826,-78.466313,"CLERMONT_05 EAST",4
"CLERMONT_05 EAST_5",3,1,41.709059,-78.463885,"CLERMONT_05 EAST",5
"CLERMONT_05 EAST_6",6,1,41.711724,-78.456364,"CLERMONT_05 EAST",6
"CLERMONT_05 EAST_7",1,1,41.712361,-78.44858,"CLERMONT_05 EAST",7
"CLERMONT_05 EAST_8",2,1,41.712692,-78.439408,"CLERMONT_05 EAST",8
"CLERMONT_05 EAST_9",0,0,41.712415,-78.432121,"CLERMONT_05 EAST",9
"CLERMONT_05 EAST_10",0,0,41.712645,-78.426459,"CLERMONT_05 EAST",10
"CLERMONT_06 HAGAMANS FARM_1",0,0,41.698022,-78.437105,"CLERMONT_06 HAGAMANS FARM",1
"CLERMONT_06 HAGAMANS FARM_2",0,0,41.690169,-78.439291,"CLERMONT_06 HAGAMANS FARM",2
"CLERMONT_06 HAGAMANS FARM_3",0,0,41.693101,-78.443745,"CLERMONT_06 HAGAMANS FARM",3
"CLERMONT_06 HAGAMANS FARM_4",7,1,41.693786,-78.447712,"CLERMONT_06 HAGAMANS FARM",4
"CLERMONT_06 HAGAMANS FARM_5",3,1,41.693806,-78.455413,"CLERMONT_06 HAGAMANS FARM",5
"CLERMONT_06 HAGAMANS FARM_6",1,1,41.693662,-78.461796,"CLERMONT_06 HAGAMANS FARM",6
"CLERMONT_06 HAGAMANS FARM_7",0,0,41.693705,-78.468358,"CLERMONT_06 HAGAMANS FARM",7
"CLERMONT_06 HAGAMANS FARM_8",1,1,41.693507,-78.473912,"CLERMONT_06 HAGAMANS FARM",8
"CLERMONT_06 HAGAMANS FARM_9",1,1,41.696587,-78.471181,"CLERMONT_06 HAGAMANS FARM",9
"CLERMONT_06 HAGAMANS FARM_10",1,1,41.699092,-78.469951,"CLERMONT_06 HAGAMANS FARM",10
"MUDDY CRK_RTE-1_1",3,1,40.81211,-77.60497,"MUDDY CRK_RTE-1",1
"MUDDY CRK_RTE-1_2",10,1,40.81425,-77.59944,"MUDDY CRK_RTE-1",2
"MUDDY CRK_RTE-1_3",4,1,40.81615,-77.59449,"MUDDY CRK_RTE-1",3
"MUDDY CRK_RTE-1_4",2,1,40.81772,-77.58908,"MUDDY CRK_RTE-1",4
"MUDDY CRK_RTE-1_5",1,1,40.81902,-77.58353,"MUDDY CRK_RTE-1",5
"MUDDY CRK_RTE-1_6",0,0,40.82028,-77.57776,"MUDDY CRK_RTE-1",6
"MUDDY CRK_RTE-1_7",1,1,40.82146,-77.57301,"MUDDY CRK_RTE-1",7
"MUDDY CRK_RTE 2_1",6,1,40.82718,-77.57794,"MUDDY CRK_RTE 2",1
"MUDDY CRK_RTE 2_2",14,1,40.82896,-77.57262,"MUDDY CRK_RTE 2",2
"MUDDY CRK_RTE 2_3",7,1,40.82891,-77.56866,"MUDDY CRK_RTE 2",3
"MUDDY CRK_RTE 2_4",3,1,40.8299,-77.56453,"MUDDY CRK_RTE 2",4
"MUDDY CRK_RTE 3_1",7,1,40.83104,-77.56138,"MUDDY CRK_RTE 3",1
"MUDDY CRK_RTE 3_2",4,1,40.83377,-77.55211,"MUDDY CRK_RTE 3",2
"BALD EAGLE_RT1-GRNS RUN_1",4,1,40.98918901,-77.70564697,"BALD EAGLE_RT1-GRNS RUN",1
"BALD EAGLE_RT1-GRNS RUN_2",14,1,40.99384599,-77.70078898,"BALD EAGLE_RT1-GRNS RUN",2
"BALD EAGLE_RT1-GRNS RUN_3",16,1,40.997932,-77.69506599,"BALD EAGLE_RT1-GRNS RUN",3
"BALD EAGLE_RT1-GRNS RUN_4",20,1,41.00139398,-77.68913303,"BALD EAGLE_RT1-GRNS RUN",4
"BALD EAGLE_RT1-GRNS RUN_5",9,1,41.00602699,-77.681161,"BALD EAGLE_RT1-GRNS RUN",5
"BALD EAGLE_RT1-GRNS RUN_6",3,1,41.00968,-77.67502402,"BALD EAGLE_RT1-GRNS RUN",6
"BALD EAGLE_MAIN PARK_1",8,1,41.041635,-77.63246097,"BALD EAGLE_MAIN PARK",1
"BALD EAGLE_MAIN PARK_2",0,0,41.04175402,-77.62619197,"BALD EAGLE_MAIN PARK",2
"BALD EAGLE_MAIN PARK_3",4,1,41.03741798,-77.63096496,"BALD EAGLE_MAIN PARK",3
"BALD EAGLE_MAIN PARK_4",6,1,41.03260903,-77.63535398,"BALD EAGLE_MAIN PARK",4
"BALD EAGLE_MAIN PARK_5",11,1,41.02804198,-77.63984802,"BALD EAGLE_MAIN PARK",5
"BALD EAGLE_MAIN PARK_6",19,1,41.03052202,-77.65347096,"BALD EAGLE_MAIN PARK",6
"BALD EAGLE_MAIN PARK_7",20,1,41.03497096,-77.64864902,"BALD EAGLE_MAIN PARK",7
"BALD EAGLE_MAIN PARK_8",8,1,41.03929603,-77.64499099,"BALD EAGLE_MAIN PARK",8
"BALD EAGLE_MT EAGLE_1",7,1,40.99910002,-77.68211796,"BALD EAGLE_MT EAGLE",1
"BALD EAGLE_MT EAGLE_2",1,1,40.994738,-77.68726797,"BALD EAGLE_MT EAGLE",2
"BALD EAGLE_MT EAGLE_3",0,0,40.99015804,-77.69332901,"BALD EAGLE_MT EAGLE",3
"BALD EAGLE_MT EAGLE_4",0,0,40.98577699,-77.69875604,"BALD EAGLE_MT EAGLE",4
"BALD EAGLE_MT EAGLE_5",0,0,40.97818399,-77.71046799,"BALD EAGLE_MT EAGLE",5
"BALD EAGLE_MT EAGLE_6",0,0,40.96809704,-77.73723903,"BALD EAGLE_MT EAGLE",6
"BZDIL_RTE A_1",1,1,40.9089,-77.3344,"BZDIL_RTE A",1
"BZDIL_RTE A_2",4,1,40.9085,-77.339,"BZDIL_RTE A",2
"BZDIL_RTE A_3",7,1,40.9067,-77.3468,"BZDIL_RTE A",3
"BZDIL_RTE A_4",5,1,40.9054,-77.3508,"BZDIL_RTE A",4
"BZDIL_RTE A_5",4,1,40.9049,-77.356,"BZDIL_RTE A",5
"BZDIL_RTE A_6",2,1,40.9022,-77.3589,"BZDIL_RTE A",6
"BZDIL_RTE B_1",0,0,40.90641,-77.35814,"BZDIL_RTE B",1
"BZDIL_RTE B_2",1,1,40.90933,-77.35593,"BZDIL_RTE B",2
"BZDIL_RTE B_3",0,0,40.91064,-77.3511,"BZDIL_RTE B",3
"BZDIL_RTE B_4",0,0,40.91514,-77.35056,"BZDIL_RTE B",4
"BZDIL_RTE B_5",3,1,40.91951,-77.35153,"BZDIL_RTE B",5
"BZDIL_RTE B_6",0,0,40.92094,-77.35275,"BZDIL_RTE B",6
"BZDIL_RTE B_7",0,0,40.92106,-77.35966,"BZDIL_RTE B",7
"BZDIL_RTE B_8",0,0,40.91925,-77.3634,"BZDIL_RTE B",8
"BZDIL_RTE B_9",0,0,40.91539,-77.36245,"BZDIL_RTE B",9
"JONES RUN/GASWELL_1,3-5,15_1",0,0,41.67222091,-78.11768934,"JONES RUN/GASWELL_1,3-5,15",1
"JONES RUN/GASWELL_1,3-5,15_3",3,1,41.6677908,-78.11280181,"JONES RUN/GASWELL_1,3-5,15",3
"JONES RUN/GASWELL_1,3-5,15_4",4,1,41.66452321,-78.10946937,"JONES RUN/GASWELL_1,3-5,15",4
"JONES RUN/GASWELL_1,3-5,15_5",0,0,41.663531,-78.10355344,"JONES RUN/GASWELL_1,3-5,15",5
"JONES RUN/GASWELL_1,3-5,15_15",2,1,41.6753378,-78.10460725,"JONES RUN/GASWELL_1,3-5,15",15
"JONES RUN/GASWELL_2, 6-8_2",3,1,41.67189353,-78.11236523,"JONES RUN/GASWELL_2, 6-8",2
"JONES RUN/GASWELL_2, 6-8_6",10,1,41.67195384,-78.10718969,"JONES RUN/GASWELL_2, 6-8",6
"JONES RUN/GASWELL_2, 6-8_7",0,0,41.66957392,-78.10289756,"JONES RUN/GASWELL_2, 6-8",7
"JONES RUN/GASWELL_2, 6-8_8",0,0,41.66791589,-78.0969803,"JONES RUN/GASWELL_2, 6-8",8
"JONES RUN/GASWELL_9-15_9",0,0,41.68037636,-78.11127054,"JONES RUN/GASWELL_9-15",9
"JONES RUN/GASWELL_9-15_10",4,1,41.67960567,-78.10542747,"JONES RUN/GASWELL_9-15",10
"JONES RUN/GASWELL_9-15_11",4,1,41.67833507,-78.10039717,"JONES RUN/GASWELL_9-15",11
"JONES RUN/GASWELL_9-15_12",0,0,41.679005,-78.09477831,"JONES RUN/GASWELL_9-15",12
"JONES RUN/GASWELL_9-15_13",0,0,41.67428954,-78.09883823,"JONES RUN/GASWELL_9-15",13
"JONES RUN/GASWELL_9-15_14",0,0,41.67179851,-78.09447216,"JONES RUN/GASWELL_9-15",14
"GREENLICK_NA_1",1,1,41.49980981,-77.73002703,"GREENLICK_NA",1
"GREENLICK_NA_2",0,0,41.49972389,-77.72400968,"GREENLICK_NA",2
"GREENLICK_NA_3",2,1,41.4959934,-77.72555354,"GREENLICK_NA",3
"GREENLICK_NA_4",1,1,41.49147252,-77.72690949,"GREENLICK_NA",4
"GREENLICK_NA_5",1,1,41.49241913,-77.73254057,"GREENLICK_NA",5
"GREENLICK_NA_6",1,1,41.4927912,-77.7382696,"GREENLICK_NA",6
"GREENLICK_NA_7",4,1,41.48986454,-77.74620813,"GREENLICK_NA",7
"GREENLICK_NA_8",0,0,41.48811031,-77.73246257,"GREENLICK_NA",8
"GREENLICK_NA_9",3,1,41.48608205,-77.72492636,"GREENLICK_NA",9
"GREENLICK_NA_10",1,1,41.48429865,-77.72999514,"GREENLICK_NA",10
"GREENLICK_NA_11",1,1,41.48561576,-77.74078109,"GREENLICK_NA",11
"GREENLICK_NA_12",0,0,41.48248004,-77.75177525,"GREENLICK_NA",12
"GREENLICK_NA_13",0,0,41.48213426,-77.75807913,"GREENLICK_NA",13
"GREENLICK_NA_14",0,0,41.48031546,-77.74700887,"GREENLICK_NA",14
"GREENLICK_NA_15",3,1,41.48115647,-77.73764741,"GREENLICK_NA",15
"GREENLICK_NA_16",1,1,41.47998982,-77.72991732,"GREENLICK_NA",16
"GREENLICK_NA_17",0,0,41.48291629,-77.72236123,"GREENLICK_NA",17
"GREENLICK_NA_18",1,1,41.47784518,-77.73412757,"GREENLICK_NA",18
"GREENLICK_NA_19",1,1,41.47829324,-77.7417648,"GREENLICK_NA",19
"GREENLICK_NA_20",2,1,41.4765157,-77.74988803,"GREENLICK_NA",20
"GREENLICK_NA_21",1,1,41.47674869,-77.7581944,"GREENLICK_NA",21
"GREENLICK_NA_22",3,1,41.47258566,-77.75916449,"GREENLICK_NA",22
"GREENLICK_NA_23",6,1,41.47213752,-77.75095493,"GREENLICK_NA",23
"GREENLICK_NA_24",0,0,41.47555311,-77.73671489,"GREENLICK_NA",24
"GREENLICK_NA_25",1,1,41.47494193,-77.72096261,"GREENLICK_NA",25
"GREENLICK_NA_26",0,0,41.474032,-77.73099206,"GREENLICK_NA",26
"GREENLICK_NA_28",0,0,41.47078985,-77.7264224,"GREENLICK_NA",28
"GREENLICK_NA_29",1,1,41.47130848,-77.73329466,"GREENLICK_NA",29
"GREENLICK_NA_30",0,0,41.47355376,-77.74178339,"GREENLICK_NA",30
"GREENLICK_NA_31",0,0,41.4678085,-77.74161497,"GREENLICK_NA",31
"GREENLICK_NA_32",0,0,41.46703959,-77.75126062,"GREENLICK_NA",32
"GREENLICK_NA_33",0,0,41.46863032,-77.75641021,"GREENLICK_NA",33
"GREENLICK_NA_34",0,0,41.4621585,-77.75223371,"GREENLICK_NA",34
"GREENLICK_NA_35",0,0,41.47841169,-77.76372661,"GREENLICK_NA",35
"GREENLICK_NA_36",1,1,41.47547649,-77.76822488,"GREENLICK_NA",36
"GREENLICK_NA_37",1,1,41.47174802,-77.77110236,"GREENLICK_NA",37
"GREENLICK_NA_38",0,0,41.46722226,-77.77025884,"GREENLICK_NA",38
"GREENLICK_NA_39",0,0,41.46340888,-77.76654896,"GREENLICK_NA",39
"GREENLICK_NA_40",0,0,41.45937937,-77.7625539,"GREENLICK_NA",40
"LEAD_BQFA_1",6,1,40.01780629,-77.72848828,"LEAD_BQFA",1
"LEAD_BQFA_2",2,1,40.01418684,-77.7233649,"LEAD_BQFA",2
"LEAD_BQFA_3",4,1,40.01761232,-77.71932959,"LEAD_BQFA",3
"LEAD_BQFA_4",4,1,40.0233651,-77.71874705,"LEAD_BQFA",4
"LEAD_BQFA_5",2,1,40.02911761,-77.7180527,"LEAD_BQFA",5
"LEAD_BQFA_6",7,1,40.03409048,-77.71468002,"LEAD_BQFA",6
"LEAD_BQFA_7",4,1,40.03321809,-77.70932083,"LEAD_BQFA",7
"LEAD_BQFA_8",6,1,40.03742949,-77.71053171,"LEAD_BQFA",8
"LEAD_BQFA_9",1,1,40.04309863,-77.71084255,"LEAD_BQFA",9
"LEAD_BQFA_10",0,0,40.04609713,-77.70792421,"LEAD_BQFA",10
"LEAD_CONTROL_1",0,0,39.98526963,-77.69959117,"LEAD_CONTROL",1
"LEAD_CONTROL_2",1,1,39.99085671,-77.70135275,"LEAD_CONTROL",2
"LEAD_CONTROL_3",0,0,39.99635642,-77.70255668,"LEAD_CONTROL",3
"LEAD_CONTROL_4",1,1,40.001675,-77.70018802,"LEAD_CONTROL",4
"LEAD_CONTROL_5",3,1,40.00682444,-77.69882489,"LEAD_CONTROL",5
"LEAD_CONTROL_6",5,1,40.00594799,-77.6922396,"LEAD_CONTROL",6
"LEAD_CONTROL_7",2,1,40.00962725,-77.68719683,"LEAD_CONTROL",7
"LEAD_CONTROL_8",1,1,40.01373478,-77.68181641,"LEAD_CONTROL",8
"LEAD_CONTROL_9",0,0,40.01732548,-77.675991,"LEAD_CONTROL",9
"LEAD_CONTROL_10",0,0,40.0219622,-77.67563356,"LEAD_CONTROL",10
"MICHAUX_GLAT A - CULP_1",3,1,39.771385,-77.446948,"MICHAUX_GLAT A - CULP",1
"MICHAUX_GLAT A - CULP_2",12,1,39.772661,-77.445659,"MICHAUX_GLAT A - CULP",2
"MICHAUX_GLAT A - CULP_3",0,0,39.770091,-77.446082,"MICHAUX_GLAT A - CULP",3
"MICHAUX_GLAT B-GUM SPRINGS_1",2,1,39.789723,-77.427645,"MICHAUX_GLAT B-GUM SPRINGS",1
"MICHAUX_GLAT B-GUM SPRINGS_2",1,1,39.787818,-77.426532,"MICHAUX_GLAT B-GUM SPRINGS",2
"MICHAUX_GLAT B-GUM SPRINGS_3",0,0,39.78567,-77.429613,"MICHAUX_GLAT B-GUM SPRINGS",3
"MICHAUX_GLAT B-GUM SPRINGS_4",0,0,39.783792,-77.43182,"MICHAUX_GLAT B-GUM SPRINGS",4
"108_not included_1",1,1,40.674669,-78.407543,"108_not included",1
"108_not included_2",5,1,40.671238,-78.410924,"108_not included",2
"108_not included_3",3,1,40.670718,-78.416462,"108_not included",3
"108_not included_4",3,1,40.670929,-78.422099,"108_not included",4
"108_not included_5",1,1,40.671279,-78.42759,"108_not included",5
"108_not included_6",4,1,40.667456,-78.424557,"108_not included",6
"108_not included_7",4,1,40.665754,-78.428939,"108_not included",7
"108_not included_8",2,1,40.663348,-78.433545,"108_not included",8
"108_not included_9",4,1,40.659984,-78.456759,"108_not included",9
"108_not included_10",5,1,40.6577,-78.459858,"108_not included",10
"FORBES SF_ROUTE 1_1",5,1,40.114124,-79.337149,"FORBES SF_ROUTE 1",1
"FORBES SF_ROUTE 1_2",4,1,40.111014,-79.333689,"FORBES SF_ROUTE 1",2
"FORBES SF_ROUTE 1_3",2,1,40.110759,-79.328045,"FORBES SF_ROUTE 1",3
"FORBES SF_ROUTE 1_4",2,1,40.107649,-79.324434,"FORBES SF_ROUTE 1",4
"FORBES SF_ROUTE 1_5",5,1,40.104469,-79.322856,"FORBES SF_ROUTE 1",5
"FORBES SF_ROUTE 1_6",5,1,40.100626,-79.324326,"FORBES SF_ROUTE 1",6
"FORBES SF_ROUTE 1_7",1,1,40.096623,-79.327501,"FORBES SF_ROUTE 1",7
"FORBES SF_ROUTE 1_8",0,0,40.093626,-79.330245,"FORBES SF_ROUTE 1",8
"FORBES SF_ROUTE 1_9",0,0,40.106233,-79.317758,"FORBES SF_ROUTE 1",9
"FORBES SF_ROUTE 1_10",0,0,40.10969,-79.31393,"FORBES SF_ROUTE 1",10
"297_not included_1",0,0,40.104475,-80.139765,"297_not included",1
"297_not included_2",0,0,40.100728,-80.137231,"297_not included",2
"297_not included_3",0,0,40.096659,-80.135375,"297_not included",3
"297_not included_4",0,0,40.092411,-80.133697,"297_not included",4
"297_not included_5",0,0,40.088521,-80.131306,"297_not included",5
"297_not included_6",2,1,40.084488,-80.12945,"297_not included",6
"297_not included_7",7,1,40.080169,-80.128343,"297_not included",7
"297_not included_8",3,1,40.076279,-80.126594,"297_not included",8
"297_not included_9",0,0,40.072281,-80.123989,"297_not included",9
"297_not included_10",0,0,40.068069,-80.122775,"297_not included",10
"51_not included_1",0,0,39.91612,-79.5536,"51_not included",1
"51_not included_2",1,1,39.91124,-79.5542,"51_not included",2
"51_not included_3",0,0,39.90621,-79.5576,"51_not included",3
"51_not included_4",0,0,39.90272,-79.5629,"51_not included",4
"51_not included_5",0,0,39.90527,-79.5691,"51_not included",5
"51_not included_6",1,1,39.90895,-79.574,"51_not included",6
"51_not included_7",0,0,39.90906,-79.5806,"51_not included",7
"51_not included_8",0,0,39.90734,-79.5876,"51_not included",8
"51_not included_9",0,0,39.90245,-79.5878,"51_not included",9
"51_not included_10",0,0,39.89776,-79.5843,"51_not included",10
